,rho_brine,inj_rate,geo_grad,depth_bottom_usdw,depth_top_res,thick_res,perm_res,p_crit,plume_rad,pressure_front_rad,std_dev_to_perm_res_ratio,vertical_correlation,lateral_correlation,random_seed
0,1020,1,25,100,1500,100,500,2.744,3704.6264763593404,679.2894631401067,1,6,306,1998
1,1020,1,25,100,1500,100,500,2.744,3704.6264763593404,578.7469943073653,1,7,250,8727
2,1020,1,25,100,1500,100,500,2.744,3704.6264763593404,794.669609473511,1,2,184,10502
3,1020,1,25,100,1500,100,500,2.744,3837.9231573496336,679.2894631401067,1,4,290,3383
4,1020,1,25,100,1500,100,500,2.744,3837.9231573496336,794.669609473511,1,5,92,7019
5,1020,1,25,100,1500,100,500,2.744,4118.680869937337,892.2474549733066,1,5,270,956
6,1020,1,25,100,1500,100,500,2.744,4266.474423355583,652.8418649639875,1,5,308,6415
7,1020,1,25,100,1500,100,500,2.744,3575.8389057898266,734.9950299419285,1,6,400,6706
8,1020,1,25,100,1500,100,500,2.744,3704.6264763593404,892.2474549733066,1,5,57,8583
9,1020,1,25,100,1500,100,500,2.744,3575.8389057898266,927.0771216668321,1,7,119,7528
10,1020,1,25,100,1500,100,500,2.744,3102.8054334306075,1564.369117458862,1,4,310,10709
11,1020,1,25,100,1500,100,500,2.744,3704.6264763593404,627.2889262771712,1,7,150,826
12,1020,1,25,100,1500,100,500,2.744,3704.6264763593404,602.6003828720548,1,2,112,4734
13,1020,1,25,100,1500,100,500,2.744,3575.8389057898266,858.5959932573792,1,10,45,8861
14,1020,1,25,100,1500,100,500,2.744,3704.6264763593404,627.2889262771712,1,4,33,139
15,1020,1,25,100,1500,100,500,2.744,3975.886821734759,927.0771216668321,1,7,40,9104
16,1020,1,25,100,1500,100,500,2.744,3704.6264763593404,652.8418649639875,1,7,52,5459
17,1020,1,25,100,1500,100,500,2.744,3575.8389057898266,679.2894631401067,1,6,234,1671
18,1020,1,25,100,1500,100,500,2.744,3704.6264763593404,794.669609473511,1,5,156,11926
19,1020,1,25,100,1500,100,500,2.744,3837.9231573496336,794.669609473511,1,5,144,414
20,1020,1,25,100,1500,100,500,2.744,3975.886821734759,794.669609473511,1,2,450,8731
21,1020,1,25,100,1500,100,500,2.744,3837.9231573496336,602.6003828720548,1,8,272,9424
22,1020,1,25,100,1500,100,500,2.744,3837.9231573496336,706.6630446235681,1,2,96,5757
23,1020,1,25,100,1500,100,500,2.744,3704.6264763593404,652.8418649639875,1,9,82,11782
24,1020,1,25,100,1500,100,500,2.744,3451.407913135139,794.669609473511,1,8,21,8773
25,1020,1,25,100,1500,100,500,2.744,3704.6264763593404,627.2889262771712,1,3,288,6019
26,1020,1,25,100,1500,100,500,2.744,3331.1861257020587,927.0771216668321,1,8,240,723
27,1020,1,25,100,1500,100,500,2.744,3975.886821734759,892.2474549733066,1,7,96,2674
28,1020,1,25,100,1500,100,500,2.744,3837.9231573496336,706.6630446235681,1,4,72,10469
29,1020,1,25,100,1500,100,500,2.744,3704.6264763593404,627.2889262771712,1,10,104,8484
30,1020,1,25,100,1500,100,500,2.744,3704.6264763593404,794.669609473511,1,7,144,9266
31,1020,1,25,100,1500,100,500,2.744,3575.8389057898266,734.9950299419285,1,8,141,4325
32,1020,1,25,100,1500,100,500,2.744,3575.8389057898266,858.5959932573792,1,6,100,1039
33,1020,1,25,100,1500,100,500,2.744,3704.6264763593404,627.2889262771712,1,5,36,9958
34,1020,1,25,100,1500,100,500,2.744,3704.6264763593404,627.2889262771712,1,5,184,1645
35,1020,1,25,100,1500,100,500,2.744,3704.6264763593404,1120.3939502987503,1,3,176,9527
36,1020,1,25,100,1500,100,500,2.744,3331.1861257020587,927.0771216668321,1,6,390,3927
37,1020,1,25,100,1500,100,500,2.744,3575.8389057898266,555.7005092765738,1,5,336,7627
38,1020,1,25,100,1500,100,500,2.744,3704.6264763593404,706.6630446235681,1,3,152,8282
39,1020,1,25,100,1500,100,500,2.744,3575.8389057898266,1039.0551367620653,1,5,74,6980
40,1020,1,25,100,1500,100,500,2.744,3704.6264763593404,627.2889262771712,1,10,164,2141
41,1020,1,25,100,1500,100,500,2.744,3575.8389057898266,794.669609473511,1,5,24,6649
42,1020,1,25,100,1500,100,500,2.744,3451.407913135139,764.3189747302553,1,8,180,12341
43,1020,1,25,100,1500,100,500,2.744,3704.6264763593404,679.2894631401067,1,5,336,12110
44,1020,1,25,100,1500,100,500,2.744,3704.6264763593404,706.6630446235681,1,9,195,3587
45,1020,1,25,100,1500,100,500,2.744,3704.6264763593404,706.6630446235681,1,8,45,10118
46,1020,1,25,100,1500,100,500,2.744,3704.6264763593404,602.6003828720548,1,9,100,2537
47,1020,1,25,100,1500,100,500,2.744,3331.1861257020587,1253.396415380532,1,9,80,159
48,1020,1,25,100,1500,100,500,2.744,3704.6264763593404,652.8418649639875,1,8,147,997
49,1020,1,25,100,1500,100,500,2.744,3704.6264763593404,679.2894631401067,1,7,240,5679
50,1020,1,25,100,1500,100,500,2.744,3575.8389057898266,1039.0551367620653,1,9,189,4419
51,1020,1,25,100,1500,100,500,2.744,3837.9231573496336,679.2894631401067,1,5,280,5532
52,1020,1,25,100,1500,100,500,2.744,3704.6264763593404,627.2889262771712,1,4,96,8507
53,1020,1,25,100,1500,100,500,2.744,3331.1861257020587,927.0771216668321,1,10,98,2502
54,1020,1,25,100,1500,100,500,2.744,3704.6264763593404,652.8418649639875,1,3,234,1762
55,1020,1,25,100,1500,100,500,2.744,3837.9231573496336,734.9950299419285,1,3,14,1489
56,1020,1,25,100,1500,100,500,2.744,3704.6264763593404,652.8418649639875,1,5,220,4617
57,1020,1,25,100,1500,100,500,2.744,3704.6264763593404,826.0828806403975,1,10,160,3264
58,1020,1,25,100,1500,100,500,2.744,3837.9231573496336,652.8418649639875,1,8,294,4787
59,1020,1,25,100,1500,100,500,2.744,3704.6264763593404,734.9950299419285,1,3,36,4141
60,1020,1,25,100,1500,100,500,2.744,3837.9231573496336,794.669609473511,1,6,420,9320
61,1020,1,25,100,1500,100,500,2.744,3837.9231573496336,652.8418649639875,1,3,294,10875
62,1020,1,25,100,1500,100,500,2.744,3575.8389057898266,826.0828806403975,1,5,170,439
63,1020,1,25,100,1500,100,500,2.744,3451.407913135139,1079.0248340103788,1,6,320,6660
64,1020,1,25,100,1500,100,500,2.744,3331.1861257020587,1120.3939502987503,1,6,18,1857
65,1020,1,25,100,1500,100,500,2.744,3704.6264763593404,627.2889262771712,1,2,100,7206
66,1020,1,25,100,1500,100,500,2.744,3837.9231573496336,555.7005092765738,1,7,329,3146
67,1020,1,25,100,1500,100,500,2.744,3704.6264763593404,627.2889262771712,1,3,315,8572
68,1020,1,25,100,1500,100,500,2.744,3704.6264763593404,652.8418649639875,1,9,336,11425
69,1020,1,25,100,1500,100,500,2.744,3837.9231573496336,627.2889262771712,1,5,294,1454
70,1020,1,25,100,1500,100,500,2.744,3837.9231573496336,764.3189747302553,1,10,15,2629
71,1020,1,25,100,1500,100,500,2.744,3704.6264763593404,679.2894631401067,1,4,34,10224
72,1020,1,25,100,1500,100,500,2.744,3704.6264763593404,652.8418649639875,1,6,45,1282
73,1020,1,25,100,1500,100,500,2.744,3704.6264763593404,627.2889262771712,1,6,160,1644
74,1020,1,25,100,1500,100,500,2.744,3837.9231573496336,764.3189747302553,1,3,102,10072
75,1020,1,25,100,1500,100,500,2.744,3975.886821734759,892.2474549733066,1,3,405,869
76,1020,1,25,100,1500,100,500,2.744,3704.6264763593404,627.2889262771712,1,10,60,7532
77,1020,1,25,100,1500,100,500,2.744,3975.886821734759,963.1262446506313,1,2,329,8056
78,1020,1,25,100,1500,100,500,2.744,3704.6264763593404,652.8418649639875,1,6,352,5614
79,1020,1,25,100,1500,100,500,2.744,3837.9231573496336,734.9950299419285,1,4,116,1700
80,1020,1,25,100,1500,100,500,2.744,3575.8389057898266,794.669609473511,1,3,132,2179
81,1020,1,25,100,1500,100,500,2.744,3704.6264763593404,652.8418649639875,1,6,190,7481
82,1020,1,25,100,1500,100,500,2.744,3575.8389057898266,794.669609473511,1,2,96,1749
83,1020,1,25,100,1500,100,500,2.744,3837.9231573496336,652.8418649639875,1,10,228,11124
84,1020,1,25,100,1500,100,500,2.744,3837.9231573496336,858.5959932573792,1,9,288,6728
85,1020,1,25,100,1500,100,500,2.744,3331.1861257020587,794.669609473511,1,9,104,6532
86,1020,1,25,100,1500,100,500,2.744,3704.6264763593404,627.2889262771712,1,9,24,3576
87,1020,1,25,100,1500,100,500,2.744,3704.6264763593404,734.9950299419285,1,7,420,4621
88,1020,1,25,100,1500,100,500,2.744,3102.8054334306075,1400.863755015599,1,3,322,4178
89,1020,1,25,100,1500,100,500,2.744,3704.6264763593404,652.8418649639875,1,10,294,2901
90,1020,1,25,100,1500,100,500,2.744,3704.6264763593404,627.2889262771712,1,9,70,6528
91,1020,1,25,100,1500,100,500,2.744,3704.6264763593404,734.9950299419285,1,6,192,8453
92,1020,1,25,100,1500,100,500,2.744,3704.6264763593404,826.0828806403975,1,6,112,7245
93,1020,1,25,100,1500,100,500,2.744,3704.6264763593404,627.2889262771712,1,4,75,7307
94,1020,1,25,100,1500,100,500,2.744,3704.6264763593404,706.6630446235681,1,3,180,1230
95,1020,1,25,100,1500,100,500,2.744,3575.8389057898266,1810.3659735830986,1,9,57,10863
96,1020,1,25,100,1500,100,500,2.744,3837.9231573496336,764.3189747302553,1,5,360,8475
97,1020,1,25,100,1500,100,500,2.744,3704.6264763593404,1163.2114820866102,1,7,105,6987
98,1020,1,25,100,1500,100,500,2.744,2889.614557023334,1350.0070107550434,1,3,60,10581
99,1020,1,25,100,1500,100,500,2.744,3704.6264763593404,1207.5281412974266,1,5,294,3283
100,1020,1,25,100,1500,100,500,2.744,3451.407913135139,1039.0551367620653,1,8,108,10112
101,1020,1,25,100,1500,100,500,2.744,3704.6264763593404,602.6003828720548,1,6,470,6986
102,1020,1,25,100,1500,100,500,2.744,3704.6264763593404,734.9950299419285,1,4,42,4809
103,1020,1,25,100,1500,100,500,2.744,3704.6264763593404,734.9950299419285,1,5,108,2116
104,1020,1,25,100,1500,100,500,2.744,3704.6264763593404,734.9950299419285,1,3,63,8229
105,1020,1,25,100,1500,100,500,2.744,3575.8389057898266,826.0828806403975,1,6,186,11045
106,1020,1,25,100,1500,100,500,2.744,3575.8389057898266,679.2894631401067,1,8,99,1560
107,1020,1,25,100,1500,100,500,2.744,3704.6264763593404,826.0828806403975,1,3,104,12197
108,1020,1,25,100,1500,100,500,2.744,3704.6264763593404,627.2889262771712,1,4,72,2912
109,1020,1,25,100,1500,100,500,2.744,3704.6264763593404,706.6630446235681,1,9,184,3630
110,1020,1,25,100,1500,100,500,2.744,3704.6264763593404,627.2889262771712,1,2,56,8332
111,1020,1,25,100,1500,100,500,2.744,3837.9231573496336,652.8418649639875,1,2,196,1383
112,1020,1,25,100,1500,100,500,2.744,3704.6264763593404,652.8418649639875,1,4,66,4238
113,1020,1,25,100,1500,100,500,2.744,3837.9231573496336,1163.2114820866102,1,6,36,8415
114,1020,1,25,100,1500,100,500,2.744,3704.6264763593404,627.2889262771712,1,8,160,11436
115,1020,1,25,100,1500,100,500,2.744,3704.6264763593404,652.8418649639875,1,8,51,2780
116,1020,1,25,100,1500,100,500,2.744,3704.6264763593404,627.2889262771712,1,3,42,9189
117,1020,1,25,100,1500,100,500,2.744,3704.6264763593404,1253.396415380532,1,4,380,5484
118,1020,1,25,100,1500,100,500,2.744,3704.6264763593404,627.2889262771712,1,10,80,2615
119,1020,1,25,100,1500,100,500,2.744,3704.6264763593404,627.2889262771712,1,8,207,11414
120,1020,1,25,100,1500,100,500,2.744,4118.680869937337,652.8418649639875,1,5,252,10642
121,1020,1,25,100,1500,100,500,2.744,3837.9231573496336,764.3189747302553,1,2,60,957
122,1020,1,25,100,1500,100,500,2.744,3704.6264763593404,764.3189747302553,1,6,180,8351
123,1020,1,25,100,1500,100,500,2.744,1683.136468145602,1350.0070107550434,1,6,100,10255
124,1020,1,25,100,1500,100,500,2.744,3704.6264763593404,627.2889262771712,1,9,342,2993
125,1020,1,25,100,1500,100,500,2.744,3704.6264763593404,892.2474549733066,1,6,117,4834
126,1020,1,25,100,1500,100,500,2.744,3331.1861257020587,1400.863755015599,1,8,85,11264
127,1020,1,25,100,1500,100,500,2.744,3837.9231573496336,1000.4375195283392,1,8,180,5838
128,1020,1,25,100,1500,100,500,2.744,3704.6264763593404,679.2894631401067,1,3,120,11053
129,1020,1,25,100,1500,100,500,2.744,3975.886821734759,764.3189747302553,1,7,225,7936
130,1020,1,25,100,1500,100,500,2.744,3704.6264763593404,734.9950299419285,1,5,144,9546
131,1020,1,25,100,1500,100,500,2.744,3215.03115606588,858.5959932573792,1,2,102,1685
132,1020,1,25,100,1500,100,500,2.744,3837.9231573496336,652.8418649639875,1,2,144,8283
133,1020,1,25,100,1500,100,500,2.744,3837.9231573496336,764.3189747302553,1,7,430,8932
134,1020,1,25,100,1500,100,500,2.744,3704.6264763593404,826.0828806403975,1,4,308,9168
135,1020,1,25,100,1500,100,500,2.744,3704.6264763593404,1350.0070107550434,1,7,80,9329
136,1020,1,25,100,1500,100,500,2.744,3575.8389057898266,1039.0551367620653,1,8,77,170
137,1020,1,25,100,1500,100,500,2.744,3837.9231573496336,794.669609473511,1,5,140,3150
138,1020,1,25,100,1500,100,500,2.744,3704.6264763593404,927.0771216668321,1,3,95,10172
139,1020,1,25,100,1500,100,500,2.744,3704.6264763593404,627.2889262771712,1,8,200,6754
140,1020,1,25,100,1500,100,500,2.744,2994.376040693835,1400.863755015599,1,5,36,4955
141,1020,1,25,100,1500,100,500,2.744,3837.9231573496336,679.2894631401067,1,8,261,4361
142,1020,1,25,100,1500,100,500,2.744,3975.886821734759,1253.396415380532,1,8,96,3314
143,1020,1,25,100,1500,100,500,2.744,3704.6264763593404,679.2894631401067,1,9,235,12254
144,1020,1,25,100,1500,100,500,2.744,3704.6264763593404,679.2894631401067,1,10,161,4078
145,1020,1,25,100,1500,100,500,2.744,3975.886821734759,602.6003828720548,1,6,272,10987
146,1020,1,25,100,1500,100,500,2.744,3575.8389057898266,706.6630446235681,1,7,188,8701
147,1020,1,25,100,1500,100,500,2.744,3704.6264763593404,679.2894631401067,1,9,280,1139
148,1020,1,25,100,1500,100,500,2.744,3575.8389057898266,1079.0248340103788,1,4,105,61
149,1020,1,25,100,1500,100,500,2.744,3575.8389057898266,927.0771216668321,1,4,88,826
150,1020,1,25,100,1500,100,500,2.744,3704.6264763593404,627.2889262771712,1,2,92,11525
151,1020,1,25,100,1500,100,500,2.744,3704.6264763593404,652.8418649639875,1,7,126,2042
152,1020,1,25,100,1500,100,500,2.744,3575.8389057898266,1163.2114820866102,1,7,120,3062
153,1020,1,25,100,1500,100,500,2.744,3704.6264763593404,679.2894631401067,1,8,99,12178
154,1020,1,25,100,1500,100,500,2.744,3704.6264763593404,652.8418649639875,1,5,90,5799
155,1020,1,25,100,1500,100,500,2.744,3704.6264763593404,627.2889262771712,1,2,245,12012
156,1020,1,25,100,1500,100,500,2.744,3704.6264763593404,652.8418649639875,1,7,190,913
157,1020,1,25,100,1500,100,500,2.744,3837.9231573496336,679.2894631401067,1,2,150,3740
158,1020,1,25,100,1500,100,500,2.744,3451.407913135139,1683.136468145602,1,8,192,10502
159,1020,1,25,100,1500,100,500,2.744,3704.6264763593404,578.7469943073653,1,5,370,9605
160,1020,1,25,100,1500,100,500,2.744,3704.6264763593404,706.6630446235681,1,2,112,6759
161,1020,1,25,100,1500,100,500,2.744,3704.6264763593404,652.8418649639875,1,8,96,6880
162,1020,1,25,100,1500,100,500,2.744,3704.6264763593404,602.6003828720548,1,7,104,2371
163,1020,1,25,100,1500,100,500,2.744,4118.680869937337,1350.0070107550434,1,5,297,9718
164,1020,1,25,100,1500,100,500,2.744,3704.6264763593404,706.6630446235681,1,2,260,8026
165,1020,1,25,100,1500,100,500,2.744,3975.886821734759,602.6003828720548,1,3,256,4458
166,1020,1,25,100,1500,100,500,2.744,3704.6264763593404,627.2889262771712,1,6,296,9430
167,1020,1,25,100,1500,100,500,2.744,3837.9231573496336,1163.2114820866102,1,5,88,1678
168,1020,1,25,100,1500,100,500,2.744,3575.8389057898266,794.669609473511,1,4,440,10411
169,1020,1,25,100,1500,100,500,2.744,3704.6264763593404,734.9950299419285,1,5,368,12202
170,1020,1,25,100,1500,100,500,2.744,3575.8389057898266,706.6630446235681,1,7,260,6279
171,1020,1,25,100,1500,100,500,2.744,3704.6264763593404,627.2889262771712,1,8,171,6820
172,1020,1,25,100,1500,100,500,2.744,3704.6264763593404,627.2889262771712,1,8,60,310
173,1020,1,25,100,1500,100,500,2.744,3451.407913135139,1039.0551367620653,1,5,336,5528
174,1020,1,25,100,1500,100,500,2.744,3575.8389057898266,764.3189747302553,1,10,208,11919
175,1020,1,25,100,1500,100,500,2.744,3704.6264763593404,679.2894631401067,1,2,144,8348
176,1020,1,25,100,1500,100,500,2.744,3575.8389057898266,1039.0551367620653,1,7,238,12023
177,1020,1,25,100,1500,100,500,2.744,3704.6264763593404,652.8418649639875,1,10,160,547
178,1020,1,25,100,1500,100,500,2.744,3704.6264763593404,734.9950299419285,1,8,198,1557
179,1020,1,25,100,1500,100,500,2.744,3575.8389057898266,963.1262446506313,1,3,200,8847
180,1020,1,25,100,1500,100,500,2.744,3837.9231573496336,627.2889262771712,1,2,304,7312
181,1020,1,25,100,1500,100,500,2.744,3704.6264763593404,706.6630446235681,1,3,51,920
182,1020,1,25,100,1500,100,500,2.744,3704.6264763593404,764.3189747302553,1,2,420,4955
183,1020,1,25,100,1500,100,500,2.744,3575.8389057898266,652.8418649639875,1,2,320,6895
184,1020,1,25,100,1500,100,500,2.744,3331.1861257020587,734.9950299419285,1,5,460,11407
185,1020,1,25,100,1500,100,500,2.744,3704.6264763593404,679.2894631401067,1,7,132,10336
186,1020,1,25,100,1500,100,500,2.744,3451.407913135139,1877.34080585019,1,6,99,352
187,1020,1,25,100,1500,100,500,2.744,3704.6264763593404,652.8418649639875,1,10,64,640
188,1020,1,25,100,1500,100,500,2.744,3704.6264763593404,734.9950299419285,1,7,14,8458
189,1020,1,25,100,1500,100,500,2.744,3575.8389057898266,1300.8706294758354,1,5,48,10826
190,1020,1,25,100,1500,100,500,2.744,3704.6264763593404,764.3189747302553,1,8,172,2332
191,1020,1,25,100,1500,100,500,2.744,3704.6264763593404,533.4336321478145,1,7,294,7008
192,1020,1,25,100,1500,100,500,2.744,3704.6264763593404,679.2894631401067,1,10,78,4674
193,1020,1,25,100,1500,100,500,2.744,3451.407913135139,963.1262446506313,1,8,81,11732
194,1020,1,25,100,1500,100,500,2.744,3704.6264763593404,627.2889262771712,1,7,90,1511
195,1020,1,25,100,1500,100,500,2.744,3704.6264763593404,652.8418649639875,1,9,66,5809
196,1020,1,25,100,1500,100,500,2.744,3975.886821734759,578.7469943073653,1,8,360,3920
197,1020,1,25,100,1500,100,500,2.744,3575.8389057898266,1079.0248340103788,1,8,160,10982
198,1020,1,25,100,1500,100,500,2.744,3575.8389057898266,1300.8706294758354,1,6,368,6051
199,1020,1,25,100,1500,100,500,2.744,2690.6032074593363,1564.369117458862,1,9,210,4390
200,1020,1,25,100,1500,100,500,2.744,3837.9231573496336,602.6003828720548,1,3,414,2629
201,1020,1,25,100,1500,100,500,2.744,3704.6264763593404,706.6630446235681,1,9,72,7013
202,1020,1,25,100,1500,100,500,2.744,3575.8389057898266,794.669609473511,1,6,112,7288
203,1020,1,25,100,1500,100,500,2.744,3704.6264763593404,652.8418649639875,1,3,60,8276
204,1020,1,25,100,1500,100,500,2.744,3704.6264763593404,652.8418649639875,1,7,48,10632
205,1020,1,25,100,1500,100,500,2.744,3837.9231573496336,679.2894631401067,1,3,150,7320
206,1020,1,25,100,1500,100,500,2.744,3704.6264763593404,734.9950299419285,1,7,203,8238
207,1020,1,25,100,1500,100,500,2.744,3215.03115606588,1079.0248340103788,1,10,200,9636
208,1020,1,25,100,1500,100,500,2.744,3704.6264763593404,679.2894631401067,1,4,210,12221
209,1020,1,25,100,1500,100,500,2.744,3704.6264763593404,858.5959932573792,1,9,168,10916
210,1020,1,25,100,1500,100,500,2.744,3837.9231573496336,627.2889262771712,1,4,102,2845
211,1020,1,25,100,1500,100,500,2.744,3575.8389057898266,794.669609473511,1,4,490,10033
212,1020,1,25,100,1500,100,500,2.744,3704.6264763593404,627.2889262771712,1,8,28,5219
213,1020,1,25,100,1500,100,500,2.744,3704.6264763593404,652.8418649639875,1,3,180,6530
214,1020,1,25,100,1500,100,500,2.744,3704.6264763593404,794.669609473511,1,10,308,6351
215,1020,1,25,100,1500,100,500,2.744,3704.6264763593404,764.3189747302553,1,6,144,9509
216,1020,1,25,100,1500,100,500,2.744,3704.6264763593404,652.8418649639875,1,9,16,5793
217,1020,1,25,100,1500,100,500,2.744,3575.8389057898266,927.0771216668321,1,3,231,9026
218,1020,1,25,100,1500,100,500,2.744,3331.1861257020587,1300.8706294758354,1,3,20,8059
219,1020,1,25,100,1500,100,500,2.744,3704.6264763593404,627.2889262771712,1,2,208,5019
220,1020,1,25,100,1500,100,500,2.744,3704.6264763593404,602.6003828720548,1,5,150,1607
221,1020,1,25,100,1500,100,500,2.744,3215.03115606588,734.9950299419285,1,3,432,8378
222,1020,1,25,100,1500,100,500,2.744,3837.9231573496336,892.2474549733066,1,3,76,6670
223,1020,1,25,100,1500,100,500,2.744,3704.6264763593404,652.8418649639875,1,5,48,5361
224,1020,1,25,100,1500,100,500,2.744,3704.6264763593404,627.2889262771712,1,2,432,3048
225,1020,1,25,100,1500,100,500,2.744,3704.6264763593404,627.2889262771712,1,8,25,5999
226,1020,1,25,100,1500,100,500,2.744,3704.6264763593404,706.6630446235681,1,6,45,12056
227,1020,1,25,100,1500,100,500,2.744,3704.6264763593404,858.5959932573792,1,4,154,7071
228,1020,1,25,100,1500,100,500,2.744,3704.6264763593404,963.1262446506313,1,2,60,1548
229,1020,1,25,100,1500,100,500,2.744,3704.6264763593404,652.8418649639875,1,8,72,10922
230,1020,1,25,100,1500,100,500,2.744,3704.6264763593404,858.5959932573792,1,4,48,10027
231,1020,1,25,100,1500,100,500,2.744,3575.8389057898266,794.669609473511,1,4,75,10633
232,1020,1,25,100,1500,100,500,2.744,3575.8389057898266,679.2894631401067,1,10,119,10249
233,1020,1,25,100,1500,100,500,2.744,3975.886821734759,764.3189747302553,1,9,315,3391
234,1020,1,25,100,1500,100,500,2.744,3837.9231573496336,578.7469943073653,1,5,245,4612
235,1020,1,25,100,1500,100,500,2.744,3704.6264763593404,858.5959932573792,1,3,238,10572
236,1020,1,25,100,1500,100,500,2.744,3704.6264763593404,602.6003828720548,1,2,180,606
237,1020,1,25,100,1500,100,500,2.744,3837.9231573496336,963.1262446506313,1,7,56,3462
238,1020,1,25,100,1500,100,500,2.744,3704.6264763593404,826.0828806403975,1,7,64,9610
239,1020,1,25,100,1500,100,500,2.744,3837.9231573496336,602.6003828720548,1,10,144,3507
240,1020,1,25,100,1500,100,500,2.744,2788.396905758903,963.1262446506313,1,6,120,328
241,1020,1,25,100,1500,100,500,2.744,3704.6264763593404,627.2889262771712,1,10,190,5551
242,1020,1,25,100,1500,100,500,2.744,3704.6264763593404,679.2894631401067,1,7,160,7958
243,1020,1,25,100,1500,100,500,2.744,3704.6264763593404,706.6630446235681,1,3,35,2538
244,1020,1,25,100,1500,100,500,2.744,3704.6264763593404,627.2889262771712,1,6,76,5783
245,1020,1,25,100,1500,100,500,2.744,3837.9231573496336,734.9950299419285,1,5,117,5738
246,1020,1,25,100,1500,100,500,2.744,3837.9231573496336,826.0828806403975,1,3,48,366
247,1020,1,25,100,1500,100,500,2.744,3704.6264763593404,764.3189747302553,1,9,441,4956
248,1020,1,25,100,1500,100,500,2.744,3575.8389057898266,963.1262446506313,1,4,25,5012
249,1020,1,25,100,1500,100,500,2.744,3704.6264763593404,794.669609473511,1,3,108,1239
250,1020,1,25,100,1500,100,500,2.744,3575.8389057898266,927.0771216668321,1,9,72,11063
251,1020,1,25,100,1500,100,500,2.744,3704.6264763593404,826.0828806403975,1,2,102,3614
252,1020,1,25,100,1500,100,500,2.744,3704.6264763593404,652.8418649639875,1,2,171,5628
253,1020,1,25,100,1500,100,500,2.744,3451.407913135139,1120.3939502987503,1,8,168,359
254,1020,1,25,100,1500,100,500,2.744,3704.6264763593404,794.669609473511,1,8,144,3548
255,1020,1,25,100,1500,100,500,2.744,3704.6264763593404,627.2889262771712,1,10,200,4512
256,1020,1,25,100,1500,100,500,2.744,3704.6264763593404,627.2889262771712,1,5,138,217
257,1020,1,25,100,1500,100,500,2.744,3704.6264763593404,627.2889262771712,1,2,340,10638
258,1020,1,25,100,1500,100,500,2.744,3837.9231573496336,927.0771216668321,1,2,288,9043
259,1020,1,25,100,1500,100,500,2.744,3975.886821734759,794.669609473511,1,8,192,4631
260,1020,1,25,100,1500,100,500,2.744,3704.6264763593404,706.6630446235681,1,7,42,5551
261,1020,1,25,100,1500,100,500,2.744,3704.6264763593404,627.2889262771712,1,3,126,12209
262,1020,1,25,100,1500,100,500,2.744,3704.6264763593404,1163.2114820866102,1,7,168,4241
263,1020,1,25,100,1500,100,500,2.744,3975.886821734759,734.9950299419285,1,4,152,1130
264,1020,1,25,100,1500,100,500,2.744,3704.6264763593404,627.2889262771712,1,2,420,978
265,1020,1,25,100,1500,100,500,2.744,3704.6264763593404,652.8418649639875,1,2,154,1630
266,1020,1,25,100,1500,100,500,2.744,3704.6264763593404,652.8418649639875,1,5,156,641
267,1020,1,25,100,1500,100,500,2.744,3837.9231573496336,652.8418649639875,1,10,480,564
268,1020,1,25,100,1500,100,500,2.744,3704.6264763593404,826.0828806403975,1,7,126,1643
269,1020,1,25,100,1500,100,500,2.744,3704.6264763593404,627.2889262771712,1,10,76,6281
270,1020,1,25,100,1500,100,500,2.744,3704.6264763593404,627.2889262771712,1,3,77,5317
271,1020,1,25,100,1500,100,500,2.744,3704.6264763593404,794.669609473511,1,2,150,1720
272,1020,1,25,100,1500,100,500,2.744,3704.6264763593404,826.0828806403975,1,10,217,10152
273,1020,1,25,100,1500,100,500,2.744,3575.8389057898266,858.5959932573792,1,5,38,10125
274,1020,1,25,100,1500,100,500,2.744,3704.6264763593404,652.8418649639875,1,5,78,6824
275,1020,1,25,100,1500,100,500,2.744,3704.6264763593404,602.6003828720548,1,9,54,2618
276,1020,1,25,100,1500,100,500,2.744,3704.6264763593404,602.6003828720548,1,7,63,3693
277,1020,1,25,100,1500,100,500,2.744,3704.6264763593404,706.6630446235681,1,3,126,8907
278,1020,1,25,100,1500,100,500,2.744,3215.03115606588,892.2474549733066,1,6,180,1546
279,1020,1,25,100,1500,100,500,2.744,3704.6264763593404,652.8418649639875,1,7,62,11002
280,1020,1,25,100,1500,100,500,2.744,3975.886821734759,533.4336321478145,1,2,423,9002
281,1020,1,25,100,1500,100,500,2.744,3331.1861257020587,1207.5281412974266,1,5,63,4839
282,1020,1,25,100,1500,100,500,2.744,3575.8389057898266,1253.396415380532,1,9,144,3990
283,1020,1,25,100,1500,100,500,2.744,3837.9231573496336,734.9950299419285,1,8,210,1316
284,1020,1,25,100,1500,100,500,2.744,3704.6264763593404,764.3189747302553,1,2,117,12061
285,1020,1,25,100,1500,100,500,2.744,3575.8389057898266,826.0828806403975,1,3,160,7749
286,1020,1,25,100,1500,100,500,2.744,3837.9231573496336,858.5959932573792,1,3,50,11062
287,1020,1,25,100,1500,100,500,2.744,3704.6264763593404,578.7469943073653,1,9,105,2463
288,1020,1,25,100,1500,100,500,2.744,3451.407913135139,1207.5281412974266,1,10,32,11840
289,1020,1,25,100,1500,100,500,2.744,3704.6264763593404,679.2894631401067,1,4,460,4565
290,1020,1,25,100,1500,100,500,2.744,3704.6264763593404,627.2889262771712,1,2,370,1376
291,1020,1,25,100,1500,100,500,2.744,3704.6264763593404,734.9950299419285,1,2,100,1240
292,1020,1,25,100,1500,100,500,2.744,3704.6264763593404,1000.4375195283392,1,3,42,9768
293,1020,1,25,100,1500,100,500,2.744,3704.6264763593404,652.8418649639875,1,7,66,11758
294,1020,1,25,100,1500,100,500,2.744,3704.6264763593404,706.6630446235681,1,10,35,11284
295,1020,1,25,100,1500,100,500,2.744,3704.6264763593404,734.9950299419285,1,8,189,7018
296,1020,1,25,100,1500,100,500,2.744,3215.03115606588,734.9950299419285,1,6,280,7549
297,1020,1,25,100,1500,100,500,2.744,3704.6264763593404,627.2889262771712,1,8,32,5858
298,1020,1,25,100,1500,100,500,2.744,3704.6264763593404,1039.0551367620653,1,5,90,8407
299,1020,1,25,100,1500,100,500,2.744,3704.6264763593404,652.8418649639875,1,4,102,4130
300,1020,1,25,100,1500,100,500,2.744,3837.9231573496336,679.2894631401067,1,8,72,10939
301,1020,1,25,100,1500,100,500,2.744,3704.6264763593404,602.6003828720548,1,8,450,8228
302,1020,1,25,100,1500,100,500,2.744,3704.6264763593404,706.6630446235681,1,5,46,1778
303,1020,1,25,100,1500,100,500,2.744,3704.6264763593404,679.2894631401067,1,8,44,8667
304,1020,1,25,100,1500,100,500,2.744,3704.6264763593404,627.2889262771712,1,2,235,10721
305,1020,1,25,100,1500,100,500,2.744,3837.9231573496336,706.6630446235681,1,2,10,6733
306,1020,1,25,100,1500,100,500,2.744,3837.9231573496336,627.2889262771712,1,9,450,8414
307,1020,1,25,100,1500,100,500,2.744,3704.6264763593404,652.8418649639875,1,2,200,4223
308,1020,1,25,100,1500,100,500,2.744,3704.6264763593404,706.6630446235681,1,9,154,2268
309,1020,1,25,100,1500,100,500,2.744,3704.6264763593404,578.7469943073653,1,10,252,2723
310,1020,1,25,100,1500,100,500,2.744,3451.407913135139,892.2474549733066,1,10,123,499
311,1020,1,25,100,1500,100,500,2.744,3704.6264763593404,627.2889262771712,1,7,352,3612
312,1020,1,25,100,1500,100,500,2.744,3704.6264763593404,652.8418649639875,1,5,21,525
313,1020,1,25,100,1500,100,500,2.744,3704.6264763593404,892.2474549733066,1,8,16,8721
314,1020,1,25,100,1500,100,500,2.744,3575.8389057898266,858.5959932573792,1,5,175,5866
315,1020,1,25,100,1500,100,500,2.744,3837.9231573496336,706.6630446235681,1,3,306,804
316,1020,1,25,100,1500,100,500,2.744,3704.6264763593404,652.8418649639875,1,4,490,5225
317,1020,1,25,100,1500,100,500,2.744,3451.407913135139,858.5959932573792,1,5,258,10605
318,1020,1,25,100,1500,100,500,2.744,3704.6264763593404,652.8418649639875,1,4,26,5224
319,1020,1,25,100,1500,100,500,2.744,3704.6264763593404,627.2889262771712,1,5,153,2006
320,1020,1,25,100,1500,100,500,2.744,4266.474423355583,364.0435815737613,1,9,360,2591
321,1020,1,25,100,1500,100,500,2.744,3215.03115606588,963.1262446506313,1,6,27,2132
322,1020,1,25,100,1500,100,500,2.744,3704.6264763593404,764.3189747302553,1,4,91,8716
323,1020,1,25,100,1500,100,500,2.744,3331.1861257020587,1507.9813747655699,1,9,135,9925
324,1020,1,25,100,1500,100,500,2.744,3704.6264763593404,627.2889262771712,1,8,32,196
325,1020,1,25,100,1500,100,500,2.744,3704.6264763593404,627.2889262771712,1,5,330,10801
326,1020,1,25,100,1500,100,500,2.744,3704.6264763593404,652.8418649639875,1,10,51,10592
327,1020,1,25,100,1500,100,500,2.744,3704.6264763593404,826.0828806403975,1,3,51,8139
328,1020,1,25,100,1500,100,500,2.744,3704.6264763593404,652.8418649639875,1,6,160,3671
329,1020,1,25,100,1500,100,500,2.744,3704.6264763593404,679.2894631401067,1,4,392,10741
330,1020,1,25,100,1500,100,500,2.744,3837.9231573496336,578.7469943073653,1,9,288,228
331,1020,1,25,100,1500,100,500,2.744,3837.9231573496336,706.6630446235681,1,8,148,12303
332,1020,1,25,100,1500,100,500,2.744,3704.6264763593404,679.2894631401067,1,6,259,7407
333,1020,1,25,100,1500,100,500,2.744,3837.9231573496336,679.2894631401067,1,4,130,11235
334,1020,1,25,100,1500,100,500,2.744,3837.9231573496336,652.8418649639875,1,3,162,5602
335,1020,1,25,100,1500,100,500,2.744,2690.6032074593363,1622.7311077993318,1,10,220,3536
336,1020,1,25,100,1500,100,500,2.744,3575.8389057898266,652.8418649639875,1,9,58,5811
337,1020,1,25,100,1500,100,500,2.744,3704.6264763593404,627.2889262771712,1,4,135,2461
338,1020,1,25,100,1500,100,500,2.744,3704.6264763593404,858.5959932573792,1,6,270,8725
339,1020,1,25,100,1500,100,500,2.744,3704.6264763593404,679.2894631401067,1,2,200,1762
340,1020,1,25,100,1500,100,500,2.744,3575.8389057898266,892.2474549733066,1,3,32,8008
341,1020,1,25,100,1500,100,500,2.744,3704.6264763593404,764.3189747302553,1,7,126,6750
342,1020,1,25,100,1500,100,500,2.744,3704.6264763593404,627.2889262771712,1,7,84,2045
343,1020,1,25,100,1500,100,500,2.744,3837.9231573496336,652.8418649639875,1,4,117,9356
344,1020,1,25,100,1500,100,500,2.744,4118.680869937337,706.6630446235681,1,5,144,2898
345,1020,1,25,100,1500,100,500,2.744,3704.6264763593404,679.2894631401067,1,8,288,11382
346,1020,1,25,100,1500,100,500,2.744,3704.6264763593404,706.6630446235681,1,5,94,4469
347,1020,1,25,100,1500,100,500,2.744,3704.6264763593404,627.2889262771712,1,7,480,11914
348,1020,1,25,100,1500,100,500,2.744,3704.6264763593404,627.2889262771712,1,9,315,5956
349,1020,1,25,100,1500,100,500,2.744,3837.9231573496336,858.5959932573792,1,3,304,4599
350,1020,1,25,100,1500,100,500,2.744,3704.6264763593404,826.0828806403975,1,5,175,2436
351,1020,1,25,100,1500,100,500,2.744,3704.6264763593404,627.2889262771712,1,7,99,11645
352,1020,1,25,100,1500,100,500,2.744,3704.6264763593404,734.9950299419285,1,2,208,12027
353,1020,1,25,100,1500,100,500,2.744,3837.9231573496336,578.7469943073653,1,2,200,10815
354,1020,1,25,100,1500,100,500,2.744,3704.6264763593404,764.3189747302553,1,10,196,86
355,1020,1,25,100,1500,100,500,2.744,3704.6264763593404,652.8418649639875,1,2,369,6531
356,1020,1,25,100,1500,100,500,2.744,3704.6264763593404,826.0828806403975,1,2,24,5933
357,1020,1,25,100,1500,100,500,2.744,3704.6264763593404,679.2894631401067,1,7,369,2229
358,1020,1,25,100,1500,100,500,2.744,3575.8389057898266,706.6630446235681,1,3,189,5985
359,1020,1,25,100,1500,100,500,2.744,3704.6264763593404,627.2889262771712,1,6,42,2168
360,1020,1,25,100,1500,100,500,2.744,3451.407913135139,1163.2114820866102,1,10,84,11555
361,1020,1,25,100,1500,100,500,2.744,3837.9231573496336,764.3189747302553,1,3,92,2722
362,1020,1,25,100,1500,100,500,2.744,3837.9231573496336,1350.0070107550434,1,8,264,2012
363,1020,1,25,100,1500,100,500,2.744,3704.6264763593404,627.2889262771712,1,9,132,10026
364,1020,1,25,100,1500,100,500,2.744,3331.1861257020587,1507.9813747655699,1,10,81,11229
365,1020,1,25,100,1500,100,500,2.744,3704.6264763593404,652.8418649639875,1,6,100,6778
366,1020,1,25,100,1500,100,500,2.744,3704.6264763593404,627.2889262771712,1,4,108,1216
367,1020,1,25,100,1500,100,500,2.744,3704.6264763593404,652.8418649639875,1,7,28,5851
368,1020,1,25,100,1500,100,500,2.744,3331.1861257020587,794.669609473511,1,8,378,9145
369,1020,1,25,100,1500,100,500,2.744,3704.6264763593404,627.2889262771712,1,5,140,1902
370,1020,1,25,100,1500,100,500,2.744,3704.6264763593404,627.2889262771712,1,2,108,6689
371,1020,1,25,100,1500,100,500,2.744,3704.6264763593404,1253.396415380532,1,5,60,1926
372,1020,1,25,100,1500,100,500,2.744,3704.6264763593404,627.2889262771712,1,9,280,11980
373,1020,1,25,100,1500,100,500,2.744,3837.9231573496336,627.2889262771712,1,4,150,1183
374,1020,1,25,100,1500,100,500,2.744,3451.407913135139,1163.2114820866102,1,2,18,5598
375,1020,1,25,100,1500,100,500,2.744,3704.6264763593404,652.8418649639875,1,4,68,8851
376,1020,1,25,100,1500,100,500,2.744,3704.6264763593404,679.2894631401067,1,5,115,11151
377,1020,1,25,100,1500,100,500,2.744,3704.6264763593404,627.2889262771712,1,8,98,5905
378,1020,1,25,100,1500,100,500,2.744,3975.886821734759,734.9950299419285,1,6,188,1513
379,1020,1,25,100,1500,100,500,2.744,3704.6264763593404,627.2889262771712,1,4,24,4005
380,1020,1,25,100,1500,100,500,2.744,3975.886821734759,706.6630446235681,1,10,384,5954
381,1020,1,25,100,1500,100,500,2.744,3575.8389057898266,963.1262446506313,1,8,216,8564
382,1020,1,25,100,1500,100,500,2.744,3704.6264763593404,627.2889262771712,1,8,344,7832
383,1020,1,25,100,1500,100,500,2.744,3975.886821734759,794.669609473511,1,3,208,3391
384,1020,1,25,100,1500,100,500,2.744,2994.376040693835,927.0771216668321,1,9,35,5897
385,1020,1,25,100,1500,100,500,2.744,3837.9231573496336,679.2894631401067,1,7,147,4709
386,1020,1,25,100,1500,100,500,2.744,2504.828290996109,858.5959932573792,1,9,336,11169
387,1020,1,25,100,1500,100,500,2.744,3837.9231573496336,602.6003828720548,1,2,336,3831
388,1020,1,25,100,1500,100,500,2.744,3837.9231573496336,764.3189747302553,1,3,340,11886
389,1020,1,25,100,1500,100,500,2.744,3704.6264763593404,1000.4375195283392,1,8,100,3550
390,1020,1,25,100,1500,100,500,2.744,3704.6264763593404,652.8418649639875,1,7,240,1580
391,1020,1,25,100,1500,100,500,2.744,3837.9231573496336,652.8418649639875,1,8,130,9721
392,1020,1,25,100,1500,100,500,2.744,3704.6264763593404,764.3189747302553,1,3,92,1315
393,1020,1,25,100,1500,100,500,2.744,3575.8389057898266,826.0828806403975,1,8,72,5919
394,1020,1,25,100,1500,100,500,2.744,3837.9231573496336,794.669609473511,1,6,54,9649
395,1020,1,25,100,1500,100,500,2.744,3704.6264763593404,764.3189747302553,1,2,192,10133
396,1020,1,25,100,1500,100,500,2.744,3704.6264763593404,627.2889262771712,1,4,243,10904
397,1020,1,25,100,1500,100,500,2.744,3975.886821734759,679.2894631401067,1,10,72,7256
398,1020,1,25,100,1500,100,500,2.744,3704.6264763593404,1253.396415380532,1,6,34,4180
399,1020,1,25,100,1500,100,500,2.744,3704.6264763593404,1079.0248340103788,1,4,30,2380
400,1020,1,25,100,1500,100,500,2.744,3837.9231573496336,679.2894631401067,1,4,56,1856
401,1020,1,25,100,1500,100,500,2.744,3837.9231573496336,858.5959932573792,1,8,120,10488
402,1020,1,25,100,1500,100,500,2.744,3704.6264763593404,652.8418649639875,1,10,150,9464
403,1020,1,25,100,1500,100,500,2.744,3215.03115606588,1253.396415380532,1,8,300,11280
404,1020,1,25,100,1500,100,500,2.744,3704.6264763593404,627.2889262771712,1,2,172,11697
405,1020,1,25,100,1500,100,500,2.744,3575.8389057898266,794.669609473511,1,10,420,1021
406,1020,1,25,100,1500,100,500,2.744,3704.6264763593404,734.9950299419285,1,10,76,5617
407,1020,1,25,100,1500,100,500,2.744,3704.6264763593404,627.2889262771712,1,9,190,12148
408,1020,1,25,100,1500,100,500,2.744,3837.9231573496336,679.2894631401067,1,3,304,5926
409,1020,1,25,100,1500,100,500,2.744,3451.407913135139,927.0771216668321,1,10,441,7568
410,1020,1,25,100,1500,100,500,2.744,3704.6264763593404,858.5959932573792,1,4,84,8676
411,1020,1,25,100,1500,100,500,2.744,3704.6264763593404,706.6630446235681,1,9,132,5808
412,1020,1,25,100,1500,100,500,2.744,3704.6264763593404,826.0828806403975,1,10,160,5210
413,1020,1,25,100,1500,100,500,2.744,3704.6264763593404,858.5959932573792,1,8,66,1288
414,1020,1,25,100,1500,100,500,2.744,3704.6264763593404,627.2889262771712,1,8,186,4378
415,1020,1,25,100,1500,100,500,2.744,3704.6264763593404,652.8418649639875,1,8,80,518
416,1020,1,25,100,1500,100,500,2.744,3704.6264763593404,1300.8706294758354,1,7,28,1978
417,1020,1,25,100,1500,100,500,2.744,3704.6264763593404,858.5959932573792,1,5,36,11190
418,1020,1,25,100,1500,100,500,2.744,3975.886821734759,533.4336321478145,1,8,192,9733
419,1020,1,25,100,1500,100,500,2.744,4266.474423355583,1207.5281412974266,1,7,250,2209
420,1020,1,25,100,1500,100,500,2.744,3704.6264763593404,706.6630446235681,1,3,36,11521
421,1020,1,25,100,1500,100,500,2.744,3215.03115606588,1745.656740968316,1,6,306,4301
422,1020,1,25,100,1500,100,500,2.744,3704.6264763593404,1039.0551367620653,1,9,32,9069
423,1020,1,25,100,1500,100,500,2.744,3704.6264763593404,627.2889262771712,1,8,68,7005
424,1020,1,25,100,1500,100,500,2.744,3704.6264763593404,679.2894631401067,1,4,120,7830
425,1020,1,25,100,1500,100,500,2.744,3575.8389057898266,794.669609473511,1,2,60,6236
426,1020,1,25,100,1500,100,500,2.744,3704.6264763593404,706.6630446235681,1,8,135,9468
427,1020,1,25,100,1500,100,500,2.744,3837.9231573496336,679.2894631401067,1,4,84,53
428,1020,1,25,100,1500,100,500,2.744,3837.9231573496336,734.9950299419285,1,6,150,4506
429,1020,1,25,100,1500,100,500,2.744,3704.6264763593404,826.0828806403975,1,5,240,6584
430,1020,1,25,100,1500,100,500,2.744,3704.6264763593404,927.0771216668321,1,8,330,5518
431,1020,1,25,100,1500,100,500,2.744,3704.6264763593404,892.2474549733066,1,6,171,9385
432,1020,1,25,100,1500,100,500,2.744,3331.1861257020587,1079.0248340103788,1,2,25,5825
433,1020,1,25,100,1500,100,500,2.744,3331.1861257020587,1000.4375195283392,1,7,200,7000
434,1020,1,25,100,1500,100,500,2.744,3975.886821734759,679.2894631401067,1,2,234,8575
435,1020,1,25,100,1500,100,500,2.744,3704.6264763593404,794.669609473511,1,9,120,9036
436,1020,1,25,100,1500,100,500,2.744,3704.6264763593404,627.2889262771712,1,7,126,8189
437,1020,1,25,100,1500,100,500,2.744,3704.6264763593404,764.3189747302553,1,5,64,2918
438,1020,1,25,100,1500,100,500,2.744,3837.9231573496336,892.2474549733066,1,10,119,550
439,1020,1,25,100,1500,100,500,2.744,3837.9231573496336,764.3189747302553,1,8,22,8399
440,1020,1,25,100,1500,100,500,2.744,3704.6264763593404,652.8418649639875,1,9,217,2777
441,1020,1,25,100,1500,100,500,2.744,3704.6264763593404,706.6630446235681,1,3,60,9493
442,1020,1,25,100,1500,100,500,2.744,3575.8389057898266,892.2474549733066,1,5,80,8137
443,1020,1,25,100,1500,100,500,2.744,3704.6264763593404,1163.2114820866102,1,6,136,872
444,1020,1,25,100,1500,100,500,2.744,3837.9231573496336,794.669609473511,1,10,65,4146
445,1020,1,25,100,1500,100,500,2.744,3704.6264763593404,734.9950299419285,1,10,126,7153
446,1020,1,25,100,1500,100,500,2.744,4118.680869937337,826.0828806403975,1,10,256,6303
447,1020,1,25,100,1500,100,500,2.744,3704.6264763593404,679.2894631401067,1,9,270,6309
448,1020,1,25,100,1500,100,500,2.744,3704.6264763593404,627.2889262771712,1,2,164,5713
449,1020,1,25,100,1500,100,500,2.744,3704.6264763593404,963.1262446506313,1,6,128,3590
450,1020,1,25,100,1500,100,500,2.744,3704.6264763593404,627.2889262771712,1,8,138,6750
451,1020,1,25,100,1500,100,500,2.744,3837.9231573496336,764.3189747302553,1,5,300,3409
452,1020,1,25,100,1500,100,500,2.744,3837.9231573496336,627.2889262771712,1,3,100,9911
453,1020,1,25,100,1500,100,500,2.744,3704.6264763593404,794.669609473511,1,10,56,12070
454,1020,1,25,100,1500,100,500,2.744,3331.1861257020587,602.6003828720548,1,8,288,11879
455,1020,1,25,100,1500,100,500,2.744,3704.6264763593404,652.8418649639875,1,7,184,6117
456,1020,1,25,100,1500,100,500,2.744,3704.6264763593404,679.2894631401067,1,9,60,3409
457,1020,1,25,100,1500,100,500,2.744,3837.9231573496336,602.6003828720548,1,4,252,8193
458,1020,1,25,100,1500,100,500,2.744,3704.6264763593404,627.2889262771712,1,2,90,7779
459,1020,1,25,100,1500,100,500,2.744,3704.6264763593404,627.2889262771712,1,3,65,8469
460,1020,1,25,100,1500,100,500,2.744,3704.6264763593404,706.6630446235681,1,10,205,6256
461,1020,1,25,100,1500,100,500,2.744,3575.8389057898266,1207.5281412974266,1,5,150,9037
462,1020,1,25,100,1500,100,500,2.744,3837.9231573496336,794.669609473511,1,4,342,2024
463,1020,1,25,100,1500,100,500,2.744,3704.6264763593404,652.8418649639875,1,6,55,5377
464,1020,1,25,100,1500,100,500,2.744,3704.6264763593404,627.2889262771712,1,6,294,1285
465,1020,1,25,100,1500,100,500,2.744,3575.8389057898266,578.7469943073653,1,9,120,10582
466,1020,1,25,100,1500,100,500,2.744,3704.6264763593404,858.5959932573792,1,8,129,10837
467,1020,1,25,100,1500,100,500,2.744,3575.8389057898266,764.3189747302553,1,9,180,7113
468,1020,1,25,100,1500,100,500,2.744,3704.6264763593404,652.8418649639875,1,7,176,5288
469,1020,1,25,100,1500,100,500,2.744,3704.6264763593404,627.2889262771712,1,7,162,3303
470,1020,1,25,100,1500,100,500,2.744,4266.474423355583,734.9950299419285,1,6,216,5901
471,1020,1,25,100,1500,100,500,2.744,3704.6264763593404,627.2889262771712,1,10,195,246
472,1020,1,25,100,1500,100,500,2.744,3704.6264763593404,679.2894631401067,1,9,38,11933
473,1020,1,25,100,1500,100,500,2.744,3704.6264763593404,627.2889262771712,1,5,369,8738
474,1020,1,25,100,1500,100,500,2.744,3704.6264763593404,679.2894631401067,1,3,144,6993
475,1020,1,25,100,1500,100,500,2.744,3704.6264763593404,706.6630446235681,1,10,120,10774
476,1020,1,25,100,1500,100,500,2.744,2889.614557023334,892.2474549733066,1,9,376,5410
477,1020,1,25,100,1500,100,500,2.744,2889.614557023334,1300.8706294758354,1,7,392,11465
478,1020,1,25,100,1500,100,500,2.744,3837.9231573496336,794.669609473511,1,8,182,1334
479,1020,1,25,100,1500,100,500,2.744,3837.9231573496336,826.0828806403975,1,6,56,271
480,1020,1,25,100,1500,100,500,2.744,3837.9231573496336,627.2889262771712,1,2,153,9798
481,1020,1,25,100,1500,100,500,2.744,3704.6264763593404,794.669609473511,1,8,54,8678
482,1020,1,25,100,1500,100,500,2.744,3575.8389057898266,734.9950299419285,1,5,304,1201
483,1020,1,25,100,1500,100,500,2.744,3704.6264763593404,627.2889262771712,1,6,132,9125
484,1020,1,25,100,1500,100,500,2.744,3575.8389057898266,963.1262446506313,1,5,55,9430
485,1020,1,25,100,1500,100,500,2.744,3102.8054334306075,1207.5281412974266,1,5,44,4105
486,1020,1,25,100,1500,100,500,2.744,3837.9231573496336,602.6003828720548,1,5,490,10645
487,1020,1,25,100,1500,100,500,2.744,3704.6264763593404,679.2894631401067,1,9,40,2405
488,1020,1,25,100,1500,100,500,2.744,2994.376040693835,794.669609473511,1,4,217,8357
489,1020,1,25,100,1500,100,500,2.744,3575.8389057898266,963.1262446506313,1,4,87,11207
490,1020,1,25,100,1500,100,500,2.744,2690.6032074593363,1946.660560944617,1,9,231,9266
491,1020,1,25,100,1500,100,500,2.744,3704.6264763593404,627.2889262771712,1,2,64,9402
492,1020,1,25,100,1500,100,500,2.744,3704.6264763593404,627.2889262771712,1,3,320,11578
493,1020,1,25,100,1500,100,500,2.744,3704.6264763593404,652.8418649639875,1,6,102,2068
494,1020,1,25,100,1500,100,500,2.744,3704.6264763593404,627.2889262771712,1,3,91,3511
495,1020,1,25,100,1500,100,500,2.744,3704.6264763593404,627.2889262771712,1,9,65,11513
496,1020,1,25,100,1500,100,500,2.744,3575.8389057898266,627.2889262771712,1,6,217,10264
497,1020,1,25,100,1500,100,500,2.744,4577.766345139718,652.8418649639875,1,6,370,9360
498,1020,1,25,100,1500,100,500,2.744,3704.6264763593404,627.2889262771712,1,3,152,11193
499,1020,1,25,100,1500,100,500,2.744,3704.6264763593404,826.0828806403975,1,7,132,1029
500,1020,1,25,100,1500,100,500,2.744,3704.6264763593404,679.2894631401067,1,2,30,4794
501,1020,1,25,100,1500,100,500,2.744,3575.8389057898266,706.6630446235681,1,7,90,4493
502,1020,1,25,100,1500,100,500,2.744,3575.8389057898266,892.2474549733066,1,7,360,12262
503,1020,1,25,100,1500,100,500,2.744,3575.8389057898266,858.5959932573792,1,8,175,4853
504,1020,1,25,100,1500,100,500,2.744,3975.886821734759,627.2889262771712,1,4,128,6454
505,1020,1,25,100,1500,100,500,2.744,3704.6264763593404,652.8418649639875,1,7,98,4114
506,1020,1,25,100,1500,100,500,2.744,3837.9231573496336,578.7469943073653,1,8,170,8322
507,1020,1,25,100,1500,100,500,2.744,3704.6264763593404,627.2889262771712,1,10,141,8027
508,1020,1,25,100,1500,100,500,2.744,3704.6264763593404,627.2889262771712,1,10,95,2821
509,1020,1,25,100,1500,100,500,2.744,3704.6264763593404,627.2889262771712,1,3,66,7315
510,1020,1,25,100,1500,100,500,2.744,3704.6264763593404,602.6003828720548,1,10,252,8948
511,1020,1,25,100,1500,100,500,2.744,3704.6264763593404,627.2889262771712,1,8,78,10273
512,1020,1,25,100,1500,100,500,2.744,3704.6264763593404,734.9950299419285,1,5,196,935
513,1020,1,25,100,1500,100,500,2.744,3704.6264763593404,627.2889262771712,1,3,168,6725
514,1020,1,25,100,1500,100,500,2.744,3451.407913135139,1079.0248340103788,1,4,310,6795
515,1020,1,25,100,1500,100,500,2.744,3837.9231573496336,679.2894631401067,1,3,84,4083
516,1020,1,25,100,1500,100,500,2.744,3837.9231573496336,679.2894631401067,1,8,68,979
517,1020,1,25,100,1500,100,500,2.744,2889.614557023334,1564.369117458862,1,8,208,5829
518,1020,1,25,100,1500,100,500,2.744,3704.6264763593404,734.9950299419285,1,8,204,3324
519,1020,1,25,100,1500,100,500,2.744,3704.6264763593404,652.8418649639875,1,10,111,624
520,1020,1,25,100,1500,100,500,2.744,4118.680869937337,794.669609473511,1,2,84,10439
521,1020,1,25,100,1500,100,500,2.744,3704.6264763593404,627.2889262771712,1,5,14,4418
522,1020,1,25,100,1500,100,500,2.744,3704.6264763593404,627.2889262771712,1,6,94,2611
523,1020,1,25,100,1500,100,500,2.744,3704.6264763593404,927.0771216668321,1,10,135,1755
524,1020,1,25,100,1500,100,500,2.744,3331.1861257020587,1079.0248340103788,1,8,128,7331
525,1020,1,25,100,1500,100,500,2.744,3704.6264763593404,652.8418649639875,1,4,240,12039
526,1020,1,25,100,1500,100,500,2.744,3837.9231573496336,764.3189747302553,1,10,30,3766
527,1020,1,25,100,1500,100,500,2.744,3704.6264763593404,826.0828806403975,1,10,44,5759
528,1020,1,25,100,1500,100,500,2.744,3975.886821734759,602.6003828720548,1,8,225,3586
529,1020,1,25,100,1500,100,500,2.744,3704.6264763593404,652.8418649639875,1,7,120,6018
530,1020,1,25,100,1500,100,500,2.744,3215.03115606588,892.2474549733066,1,9,154,11983
531,1020,1,25,100,1500,100,500,2.744,3704.6264763593404,652.8418649639875,1,7,145,2276
532,1020,1,25,100,1500,100,500,2.744,3704.6264763593404,627.2889262771712,1,6,170,10693
533,1020,1,25,100,1500,100,500,2.744,3837.9231573496336,826.0828806403975,1,7,441,4084
534,1020,1,25,100,1500,100,500,2.744,3451.407913135139,1120.3939502987503,1,7,63,8063
535,1020,1,25,100,1500,100,500,2.744,3704.6264763593404,706.6630446235681,1,3,96,5579
536,1020,1,25,100,1500,100,500,2.744,3704.6264763593404,1253.396415380532,1,9,376,8596
537,1020,1,25,100,1500,100,500,2.744,3837.9231573496336,652.8418649639875,1,7,128,8581
538,1020,1,25,100,1500,100,500,2.744,2690.6032074593363,1507.9813747655699,1,5,96,807
539,1020,1,25,100,1500,100,500,2.744,3704.6264763593404,963.1262446506313,1,3,24,7806
540,1020,1,25,100,1500,100,500,2.744,3575.8389057898266,1350.0070107550434,1,8,224,4071
541,1020,1,25,100,1500,100,500,2.744,3704.6264763593404,602.6003828720548,1,10,120,5154
542,1020,1,25,100,1500,100,500,2.744,3704.6264763593404,627.2889262771712,1,6,330,12209
543,1020,1,25,100,1500,100,500,2.744,3575.8389057898266,963.1262446506313,1,7,108,5676
544,1020,1,25,100,1500,100,500,2.744,3704.6264763593404,627.2889262771712,1,6,184,2997
545,1020,1,25,100,1500,100,500,2.744,3704.6264763593404,706.6630446235681,1,7,376,11745
546,1020,1,25,100,1500,100,500,2.744,3704.6264763593404,627.2889262771712,1,5,192,3350
547,1020,1,25,100,1500,100,500,2.744,3704.6264763593404,706.6630446235681,1,10,144,3360
548,1020,1,25,100,1500,100,500,2.744,3704.6264763593404,679.2894631401067,1,4,190,12307
549,1020,1,25,100,1500,100,500,2.744,3837.9231573496336,652.8418649639875,1,10,490,4838
550,1020,1,25,100,1500,100,500,2.744,3837.9231573496336,679.2894631401067,1,5,123,7327
551,1020,1,25,100,1500,100,500,2.744,3704.6264763593404,627.2889262771712,1,4,170,11700
552,1020,1,25,100,1500,100,500,2.744,3575.8389057898266,1163.2114820866102,1,10,64,8826
553,1020,1,25,100,1500,100,500,2.744,3331.1861257020587,927.0771216668321,1,4,88,11901
554,1020,1,25,100,1500,100,500,2.744,3215.03115606588,1120.3939502987503,1,10,120,3690
555,1020,1,25,100,1500,100,500,2.744,3575.8389057898266,826.0828806403975,1,10,60,9169
556,1020,1,25,100,1500,100,500,2.744,3704.6264763593404,652.8418649639875,1,7,77,4398
557,1020,1,25,100,1500,100,500,2.744,3704.6264763593404,706.6630446235681,1,4,78,4201
558,1020,1,25,100,1500,100,500,2.744,3704.6264763593404,794.669609473511,1,2,204,11201
559,1020,1,25,100,1500,100,500,2.744,3704.6264763593404,627.2889262771712,1,9,65,12017
560,1020,1,25,100,1500,100,500,2.744,3837.9231573496336,1039.0551367620653,1,7,368,669
561,1020,1,25,100,1500,100,500,2.744,3837.9231573496336,652.8418649639875,1,5,68,10177
562,1020,1,25,100,1500,100,500,2.744,3704.6264763593404,1564.369117458862,1,5,76,4115
563,1020,1,25,100,1500,100,500,2.744,3704.6264763593404,826.0828806403975,1,8,217,2212
564,1020,1,25,100,1500,100,500,2.744,3575.8389057898266,734.9950299419285,1,10,112,502
565,1020,1,25,100,1500,100,500,2.744,3837.9231573496336,602.6003828720548,1,3,390,1538
566,1020,1,25,100,1500,100,500,2.744,3704.6264763593404,679.2894631401067,1,3,300,4836
567,1020,1,25,100,1500,100,500,2.744,3331.1861257020587,963.1262446506313,1,9,128,11659
568,1020,1,25,100,1500,100,500,2.744,3704.6264763593404,627.2889262771712,1,4,240,3381
569,1020,1,25,100,1500,100,500,2.744,3704.6264763593404,652.8418649639875,1,5,55,9758
570,1020,1,25,100,1500,100,500,2.744,3975.886821734759,794.669609473511,1,8,252,1996
571,1020,1,25,100,1500,100,500,2.744,3704.6264763593404,679.2894631401067,1,8,273,1296
572,1020,1,25,100,1500,100,500,2.744,3704.6264763593404,652.8418649639875,1,5,232,5020
573,1020,1,25,100,1500,100,500,2.744,3575.8389057898266,679.2894631401067,1,8,81,8357
574,1020,1,25,100,1500,100,500,2.744,3704.6264763593404,892.2474549733066,1,8,60,2396
575,1020,1,25,100,1500,100,500,2.744,3575.8389057898266,1400.863755015599,1,7,120,5204
576,1020,1,25,100,1500,100,500,2.744,3704.6264763593404,627.2889262771712,1,7,224,2059
577,1020,1,25,100,1500,100,500,2.744,3704.6264763593404,764.3189747302553,1,10,150,4605
578,1020,1,25,100,1500,100,500,2.744,3704.6264763593404,652.8418649639875,1,5,84,433
579,1020,1,25,100,1500,100,500,2.744,3704.6264763593404,679.2894631401067,1,9,50,4509
580,1020,1,25,100,1500,100,500,2.744,3704.6264763593404,892.2474549733066,1,5,315,3240
581,1020,1,25,100,1500,100,500,2.744,3704.6264763593404,627.2889262771712,1,2,252,7335
582,1020,1,25,100,1500,100,500,2.744,3102.8054334306075,1400.863755015599,1,5,150,921
583,1020,1,25,100,1500,100,500,2.744,4577.766345139718,1163.2114820866102,1,10,220,1057
584,1020,1,25,100,1500,100,500,2.744,3704.6264763593404,602.6003828720548,1,5,108,2811
585,1020,1,25,100,1500,100,500,2.744,3975.886821734759,1253.396415380532,1,4,369,9947
586,1020,1,25,100,1500,100,500,2.744,3575.8389057898266,1207.5281412974266,1,10,35,7787
587,1020,1,25,100,1500,100,500,2.744,3704.6264763593404,679.2894631401067,1,4,48,1161
588,1020,1,25,100,1500,100,500,2.744,3451.407913135139,794.669609473511,1,7,190,9276
589,1020,1,25,100,1500,100,500,2.744,3704.6264763593404,679.2894631401067,1,9,72,8375
590,1020,1,25,100,1500,100,500,2.744,3704.6264763593404,578.7469943073653,1,6,190,3940
591,1020,1,25,100,1500,100,500,2.744,3704.6264763593404,627.2889262771712,1,6,72,11803
592,1020,1,25,100,1500,100,500,2.744,3704.6264763593404,734.9950299419285,1,6,266,8103
593,1020,1,25,100,1500,100,500,2.744,3575.8389057898266,826.0828806403975,1,3,168,3733
594,1020,1,25,100,1500,100,500,2.744,3704.6264763593404,679.2894631401067,1,10,90,9007
595,1020,1,25,100,1500,100,500,2.744,3331.1861257020587,892.2474549733066,1,7,330,1281
596,1020,1,25,100,1500,100,500,2.744,3331.1861257020587,927.0771216668321,1,2,80,1906
597,1020,1,25,100,1500,100,500,2.744,3704.6264763593404,706.6630446235681,1,4,117,4922
598,1020,1,25,100,1500,100,500,2.744,3704.6264763593404,679.2894631401067,1,7,14,2749
599,1020,1,25,100,1500,100,500,2.744,3575.8389057898266,892.2474549733066,1,4,312,5216
600,1020,1,25,100,1500,100,500,2.744,3704.6264763593404,1350.0070107550434,1,4,423,3968
601,1020,1,25,100,1500,100,500,2.744,3704.6264763593404,679.2894631401067,1,9,30,8171
602,1020,1,25,100,1500,100,500,2.744,3704.6264763593404,679.2894631401067,1,10,90,4803
603,1020,1,25,100,1500,100,500,2.744,3837.9231573496336,578.7469943073653,1,4,150,10272
604,1020,1,25,100,1500,100,500,2.744,3704.6264763593404,627.2889262771712,1,6,27,11690
605,1020,1,25,100,1500,100,500,2.744,3704.6264763593404,627.2889262771712,1,7,160,5066
606,1020,1,25,100,1500,100,500,2.744,3704.6264763593404,652.8418649639875,1,2,102,10693
607,1020,1,25,100,1500,100,500,2.744,3704.6264763593404,627.2889262771712,1,8,216,10070
608,1020,1,25,100,1500,100,500,2.744,3704.6264763593404,734.9950299419285,1,7,81,2229
609,1020,1,25,100,1500,100,500,2.744,3575.8389057898266,1253.396415380532,1,10,160,7308
610,1020,1,25,100,1500,100,500,2.744,3704.6264763593404,627.2889262771712,1,2,126,8535
611,1020,1,25,100,1500,100,500,2.744,3704.6264763593404,679.2894631401067,1,10,99,9126
612,1020,1,25,100,1500,100,500,2.744,3704.6264763593404,652.8418649639875,1,5,95,11995
613,1020,1,25,100,1500,100,500,2.744,3451.407913135139,1079.0248340103788,1,4,420,654
614,1020,1,25,100,1500,100,500,2.744,3975.886821734759,858.5959932573792,1,9,400,2164
615,1020,1,25,100,1500,100,500,2.744,3837.9231573496336,602.6003828720548,1,5,60,6314
616,1020,1,25,100,1500,100,500,2.744,3837.9231573496336,858.5959932573792,1,5,259,1565
617,1020,1,25,100,1500,100,500,2.744,3575.8389057898266,764.3189747302553,1,4,162,897
618,1020,1,25,100,1500,100,500,2.744,3451.407913135139,794.669609473511,1,2,352,949
619,1020,1,25,100,1500,100,500,2.744,3451.407913135139,1300.8706294758354,1,7,114,920
620,1020,1,25,100,1500,100,500,2.744,3704.6264763593404,652.8418649639875,1,3,40,4577
621,1020,1,25,100,1500,100,500,2.744,3975.886821734759,679.2894631401067,1,8,132,9177
622,1020,1,25,100,1500,100,500,2.744,3451.407913135139,578.7469943073653,1,8,160,4804
623,1020,1,25,100,1500,100,500,2.744,3704.6264763593404,706.6630446235681,1,8,198,1219
624,1020,1,25,100,1500,100,500,2.744,3704.6264763593404,679.2894631401067,1,3,387,4190
625,1020,1,25,100,1500,100,500,2.744,2994.376040693835,1350.0070107550434,1,8,120,10463
626,1020,1,25,100,1500,100,500,2.744,3837.9231573496336,858.5959932573792,1,7,75,2208
627,1020,1,25,100,1500,100,500,2.744,3704.6264763593404,578.7469943073653,1,5,322,5269
628,1020,1,25,100,1500,100,500,2.744,3102.8054334306075,1507.9813747655699,1,9,30,2896
629,1020,1,25,100,1500,100,500,2.744,3704.6264763593404,858.5959932573792,1,4,150,6037
630,1020,1,25,100,1500,100,500,2.744,3704.6264763593404,734.9950299419285,1,4,64,794
631,1020,1,25,100,1500,100,500,2.744,3704.6264763593404,734.9950299419285,1,4,56,10983
632,1020,1,25,100,1500,100,500,2.744,3575.8389057898266,764.3189747302553,1,9,490,3625
633,1020,1,25,100,1500,100,500,2.744,3837.9231573496336,627.2889262771712,1,8,63,7844
634,1020,1,25,100,1500,100,500,2.744,3704.6264763593404,578.7469943073653,1,3,230,8121
635,1020,1,25,100,1500,100,500,2.744,3575.8389057898266,858.5959932573792,1,7,64,5567
636,1020,1,25,100,1500,100,500,2.744,3704.6264763593404,679.2894631401067,1,3,144,5438
637,1020,1,25,100,1500,100,500,2.744,3704.6264763593404,679.2894631401067,1,3,220,4537
638,1020,1,25,100,1500,100,500,2.744,3704.6264763593404,794.669609473511,1,10,120,9000
639,1020,1,25,100,1500,100,500,2.744,3704.6264763593404,652.8418649639875,1,9,136,5420
640,1020,1,25,100,1500,100,500,2.744,3215.03115606588,1683.136468145602,1,5,270,7733
641,1020,1,25,100,1500,100,500,2.744,3704.6264763593404,627.2889262771712,1,10,60,78
642,1020,1,25,100,1500,100,500,2.744,3704.6264763593404,826.0828806403975,1,4,100,231
643,1020,1,25,100,1500,100,500,2.744,3704.6264763593404,858.5959932573792,1,10,99,5616
644,1020,1,25,100,1500,100,500,2.744,3704.6264763593404,627.2889262771712,1,7,38,880
645,1020,1,25,100,1500,100,500,2.744,3575.8389057898266,1207.5281412974266,1,3,192,4998
646,1020,1,25,100,1500,100,500,2.744,3451.407913135139,892.2474549733066,1,7,72,4023
647,1020,1,25,100,1500,100,500,2.744,3704.6264763593404,627.2889262771712,1,4,90,2530
648,1020,1,25,100,1500,100,500,2.744,3704.6264763593404,627.2889262771712,1,4,27,8286
649,1020,1,25,100,1500,100,500,2.744,3704.6264763593404,627.2889262771712,1,4,232,2039
650,1020,1,25,100,1500,100,500,2.744,3704.6264763593404,652.8418649639875,1,9,35,6548
651,1020,1,25,100,1500,100,500,2.744,3704.6264763593404,734.9950299419285,1,7,240,6209
652,1020,1,25,100,1500,100,500,2.744,3837.9231573496336,627.2889262771712,1,2,112,1970
653,1020,1,25,100,1500,100,500,2.744,3704.6264763593404,627.2889262771712,1,8,30,4219
654,1020,1,25,100,1500,100,500,2.744,3575.8389057898266,1253.396415380532,1,7,51,1808
655,1020,1,25,100,1500,100,500,2.744,3837.9231573496336,764.3189747302553,1,5,87,3650
656,1020,1,25,100,1500,100,500,2.744,3975.886821734759,706.6630446235681,1,9,380,9756
657,1020,1,25,100,1500,100,500,2.744,3704.6264763593404,858.5959932573792,1,2,56,11351
658,1020,1,25,100,1500,100,500,2.744,3704.6264763593404,627.2889262771712,1,10,58,3580
659,1020,1,25,100,1500,100,500,2.744,3837.9231573496336,627.2889262771712,1,9,102,7806
660,1020,1,25,100,1500,100,500,2.744,3704.6264763593404,706.6630446235681,1,7,72,1081
661,1020,1,25,100,1500,100,500,2.744,3975.886821734759,826.0828806403975,1,6,144,12330
662,1020,1,25,100,1500,100,500,2.744,3837.9231573496336,652.8418649639875,1,9,32,5086
663,1020,1,25,100,1500,100,500,2.744,3704.6264763593404,652.8418649639875,1,6,500,6543
664,1020,1,25,100,1500,100,500,2.744,3704.6264763593404,652.8418649639875,1,3,99,9441
665,1020,1,25,100,1500,100,500,2.744,2504.828290996109,858.5959932573792,1,3,400,10299
666,1020,1,25,100,1500,100,500,2.744,3704.6264763593404,652.8418649639875,1,4,294,921
667,1020,1,25,100,1500,100,500,2.744,3837.9231573496336,652.8418649639875,1,4,56,192
668,1020,1,25,100,1500,100,500,2.744,3575.8389057898266,1400.863755015599,1,9,18,541
669,1020,1,25,100,1500,100,500,2.744,3837.9231573496336,602.6003828720548,1,10,70,11437
670,1020,1,25,100,1500,100,500,2.744,3575.8389057898266,858.5959932573792,1,10,96,3389
671,1020,1,25,100,1500,100,500,2.744,3704.6264763593404,706.6630446235681,1,10,200,5228
672,1020,1,25,100,1500,100,500,2.744,4118.680869937337,652.8418649639875,1,9,175,5990
673,1020,1,25,100,1500,100,500,2.744,3331.1861257020587,1163.2114820866102,1,4,87,2737
674,1020,1,25,100,1500,100,500,2.744,3704.6264763593404,764.3189747302553,1,5,165,2438
675,1020,1,25,100,1500,100,500,2.744,3215.03115606588,1000.4375195283392,1,3,280,3487
676,1020,1,25,100,1500,100,500,2.744,3704.6264763593404,652.8418649639875,1,8,280,4407
677,1020,1,25,100,1500,100,500,2.744,4266.474423355583,679.2894631401067,1,9,210,4734
678,1020,1,25,100,1500,100,500,2.744,3704.6264763593404,627.2889262771712,1,3,42,5794
679,1020,1,25,100,1500,100,500,2.744,3975.886821734759,892.2474549733066,1,10,108,3552
680,1020,1,25,100,1500,100,500,2.744,3331.1861257020587,794.669609473511,1,6,450,1629
681,1020,1,25,100,1500,100,500,2.744,3704.6264763593404,627.2889262771712,1,3,168,4847
682,1020,1,25,100,1500,100,500,2.744,3704.6264763593404,627.2889262771712,1,7,42,513
683,1020,1,25,100,1500,100,500,2.744,3704.6264763593404,652.8418649639875,1,7,50,11796
684,1020,1,25,100,1500,100,500,2.744,3704.6264763593404,602.6003828720548,1,5,387,1983
685,1020,1,25,100,1500,100,500,2.744,3704.6264763593404,892.2474549733066,1,3,58,7298
686,1020,1,25,100,1500,100,500,2.744,3575.8389057898266,706.6630446235681,1,4,48,10518
687,1020,1,25,100,1500,100,500,2.744,3704.6264763593404,652.8418649639875,1,5,12,7294
688,1020,1,25,100,1500,100,500,2.744,3704.6264763593404,627.2889262771712,1,9,168,10536
689,1020,1,25,100,1500,100,500,2.744,3451.407913135139,927.0771216668321,1,6,90,4748
690,1020,1,25,100,1500,100,500,2.744,3704.6264763593404,627.2889262771712,1,2,160,6171
691,1020,1,25,100,1500,100,500,2.744,3837.9231573496336,627.2889262771712,1,3,280,4549
692,1020,1,25,100,1500,100,500,2.744,3704.6264763593404,652.8418649639875,1,9,48,2085
693,1020,1,25,100,1500,100,500,2.744,2889.614557023334,1079.0248340103788,1,5,350,9352
694,1020,1,25,100,1500,100,500,2.744,3575.8389057898266,764.3189747302553,1,6,76,11983
695,1020,1,25,100,1500,100,500,2.744,3704.6264763593404,734.9950299419285,1,4,135,3761
696,1020,1,25,100,1500,100,500,2.744,3837.9231573496336,826.0828806403975,1,9,120,7241
697,1020,1,25,100,1500,100,500,2.744,3704.6264763593404,794.669609473511,1,6,30,8463
698,1020,1,25,100,1500,100,500,2.744,3704.6264763593404,627.2889262771712,1,4,150,9179
699,1020,1,25,100,1500,100,500,2.744,3704.6264763593404,627.2889262771712,1,8,232,2530
700,1020,1,25,100,1500,100,500,2.744,3451.407913135139,652.8418649639875,1,6,215,1810
701,1020,1,25,100,1500,100,500,2.744,3451.407913135139,764.3189747302553,1,8,182,8997
702,1020,1,25,100,1500,100,500,2.744,3975.886821734759,627.2889262771712,1,10,297,5940
703,1020,1,25,100,1500,100,500,2.744,3837.9231573496336,602.6003828720548,1,5,104,3884
704,1020,1,25,100,1500,100,500,2.744,3575.8389057898266,652.8418649639875,1,5,282,8090
705,1020,1,25,100,1500,100,500,2.744,3704.6264763593404,764.3189747302553,1,2,52,5288
706,1020,1,25,100,1500,100,500,2.744,3704.6264763593404,652.8418649639875,1,4,39,6368
707,1020,1,25,100,1500,100,500,2.744,3837.9231573496336,555.7005092765738,1,10,290,6847
708,1020,1,25,100,1500,100,500,2.744,3837.9231573496336,734.9950299419285,1,4,128,1201
709,1020,1,25,100,1500,100,500,2.744,3575.8389057898266,734.9950299419285,1,6,360,10342
710,1020,1,25,100,1500,100,500,2.744,3704.6264763593404,679.2894631401067,1,3,119,6358
711,1020,1,25,100,1500,100,500,2.744,3575.8389057898266,858.5959932573792,1,10,133,11693
712,1020,1,25,100,1500,100,500,2.744,3704.6264763593404,764.3189747302553,1,10,185,9915
713,1020,1,25,100,1500,100,500,2.744,3704.6264763593404,652.8418649639875,1,9,287,10819
714,1020,1,25,100,1500,100,500,2.744,3704.6264763593404,679.2894631401067,1,10,40,3494
715,1020,1,25,100,1500,100,500,2.744,3704.6264763593404,627.2889262771712,1,2,290,12242
716,1020,1,25,100,1500,100,500,2.744,3704.6264763593404,826.0828806403975,1,5,174,8758
717,1020,1,25,100,1500,100,500,2.744,3704.6264763593404,764.3189747302553,1,9,60,8909
718,1020,1,25,100,1500,100,500,2.744,3704.6264763593404,627.2889262771712,1,10,252,1837
719,1020,1,25,100,1500,100,500,2.744,3975.886821734759,491.13410456659255,1,2,500,3885
720,1020,1,25,100,1500,100,500,2.744,3837.9231573496336,1120.3939502987503,1,9,392,6479
721,1020,1,25,100,1500,100,500,2.744,3837.9231573496336,652.8418649639875,1,6,312,8962
722,1020,1,25,100,1500,100,500,2.744,3704.6264763593404,858.5959932573792,1,2,294,2173
723,1020,1,25,100,1500,100,500,2.744,3451.407913135139,826.0828806403975,1,7,120,6635
724,1020,1,25,100,1500,100,500,2.744,3575.8389057898266,1039.0551367620653,1,2,35,3939
725,1020,1,25,100,1500,100,500,2.744,3704.6264763593404,652.8418649639875,1,10,64,11528
726,1020,1,25,100,1500,100,500,2.744,3704.6264763593404,734.9950299419285,1,5,222,4647
727,1020,1,25,100,1500,100,500,2.744,3704.6264763593404,627.2889262771712,1,5,16,9545
728,1020,1,25,100,1500,100,500,2.744,3704.6264763593404,627.2889262771712,1,8,400,10243
729,1020,1,25,100,1500,100,500,2.744,3575.8389057898266,706.6630446235681,1,6,40,9402
730,1020,1,25,100,1500,100,500,2.744,3704.6264763593404,627.2889262771712,1,7,328,9343
731,1020,1,25,100,1500,100,500,2.744,3704.6264763593404,627.2889262771712,1,4,60,8624
732,1020,1,25,100,1500,100,500,2.744,3704.6264763593404,706.6630446235681,1,10,150,11673
733,1020,1,25,100,1500,100,500,2.744,3704.6264763593404,627.2889262771712,1,10,190,2186
734,1020,1,25,100,1500,100,500,2.744,3704.6264763593404,794.669609473511,1,2,280,7631
735,1020,1,25,100,1500,100,500,2.744,3837.9231573496336,764.3189747302553,1,5,130,1965
736,1020,1,25,100,1500,100,500,2.744,3704.6264763593404,652.8418649639875,1,9,224,5656
737,1020,1,25,100,1500,100,500,2.744,3704.6264763593404,652.8418649639875,1,9,220,8418
738,1020,1,25,100,1500,100,500,2.744,3704.6264763593404,826.0828806403975,1,6,81,7395
739,1020,1,25,100,1500,100,500,2.744,3704.6264763593404,892.2474549733066,1,7,63,2751
740,1020,1,25,100,1500,100,500,2.744,3704.6264763593404,627.2889262771712,1,9,16,895
741,1020,1,25,100,1500,100,500,2.744,3837.9231573496336,927.0771216668321,1,3,88,11233
742,1020,1,25,100,1500,100,500,2.744,3704.6264763593404,627.2889262771712,1,9,40,10874
743,1020,1,25,100,1500,100,500,2.744,3215.03115606588,826.0828806403975,1,5,250,5748
744,1020,1,25,100,1500,100,500,2.744,3837.9231573496336,679.2894631401067,1,2,264,8299
745,1020,1,25,100,1500,100,500,2.744,3704.6264763593404,627.2889262771712,1,6,150,2394
746,1020,1,25,100,1500,100,500,2.744,3704.6264763593404,627.2889262771712,1,7,27,3615
747,1020,1,25,100,1500,100,500,2.744,3704.6264763593404,627.2889262771712,1,7,111,652
748,1020,1,25,100,1500,100,500,2.744,3704.6264763593404,679.2894631401067,1,6,441,10748
749,1020,1,25,100,1500,100,500,2.744,3451.407913135139,1120.3939502987503,1,8,225,2710
750,1020,1,25,100,1500,100,500,2.744,3575.8389057898266,679.2894631401067,1,2,175,9588
751,1020,1,25,100,1500,100,500,2.744,3704.6264763593404,734.9950299419285,1,6,58,9540
752,1020,1,25,100,1500,100,500,2.744,3704.6264763593404,652.8418649639875,1,7,170,3359
753,1020,1,25,100,1500,100,500,2.744,3837.9231573496336,602.6003828720548,1,2,470,11398
754,1020,1,25,100,1500,100,500,2.744,3704.6264763593404,858.5959932573792,1,8,180,1621
755,1020,1,25,100,1500,100,500,2.744,3704.6264763593404,627.2889262771712,1,8,140,11587
756,1020,1,25,100,1500,100,500,2.744,3837.9231573496336,794.669609473511,1,10,342,11272
757,1020,1,25,100,1500,100,500,2.744,3704.6264763593404,627.2889262771712,1,5,70,9254
758,1020,1,25,100,1500,100,500,2.744,3704.6264763593404,764.3189747302553,1,7,140,6738
759,1020,1,25,100,1500,100,500,2.744,2504.828290996109,1622.7311077993318,1,8,322,12233
760,1020,1,25,100,1500,100,500,2.744,3575.8389057898266,1622.7311077993318,1,8,155,12221
761,1020,1,25,100,1500,100,500,2.744,3575.8389057898266,764.3189747302553,1,6,210,11596
762,1020,1,25,100,1500,100,500,2.744,3575.8389057898266,734.9950299419285,1,8,294,8028
763,1020,1,25,100,1500,100,500,2.744,3704.6264763593404,858.5959932573792,1,8,246,12325
764,1020,1,25,100,1500,100,500,2.744,3575.8389057898266,794.669609473511,1,10,42,11461
765,1020,1,25,100,1500,100,500,2.744,3704.6264763593404,794.669609473511,1,4,84,11410
766,1020,1,25,100,1500,100,500,2.744,3704.6264763593404,652.8418649639875,1,6,60,5487
767,1020,1,25,100,1500,100,500,2.744,3704.6264763593404,602.6003828720548,1,6,320,10695
768,1020,1,25,100,1500,100,500,2.744,3704.6264763593404,652.8418649639875,1,3,200,1963
769,1020,1,25,100,1500,100,500,2.744,3704.6264763593404,627.2889262771712,1,9,35,8595
770,1020,1,25,100,1500,100,500,2.744,3575.8389057898266,858.5959932573792,1,6,52,11706
771,1020,1,25,100,1500,100,500,2.744,3704.6264763593404,652.8418649639875,1,4,192,12331
772,1020,1,25,100,1500,100,500,2.744,3575.8389057898266,1207.5281412974266,1,6,16,7865
773,1020,1,25,100,1500,100,500,2.744,3704.6264763593404,706.6630446235681,1,6,105,3864
774,1020,1,25,100,1500,100,500,2.744,3704.6264763593404,652.8418649639875,1,6,50,12286
775,1020,1,25,100,1500,100,500,2.744,3704.6264763593404,652.8418649639875,1,3,102,10248
776,1020,1,25,100,1500,100,500,2.744,3704.6264763593404,1253.396415380532,1,4,36,6586
777,1020,1,25,100,1500,100,500,2.744,3704.6264763593404,892.2474549733066,1,6,117,5966
778,1020,1,25,100,1500,100,500,2.744,3704.6264763593404,679.2894631401067,1,6,49,5127
779,1020,1,25,100,1500,100,500,2.744,3704.6264763593404,764.3189747302553,1,4,84,11441
780,1020,1,25,100,1500,100,500,2.744,3704.6264763593404,764.3189747302553,1,4,72,2364
781,1020,1,25,100,1500,100,500,2.744,3837.9231573496336,706.6630446235681,1,6,132,275
782,1020,1,25,100,1500,100,500,2.744,3704.6264763593404,652.8418649639875,1,10,256,8172
783,1020,1,25,100,1500,100,500,2.744,3331.1861257020587,1350.0070107550434,1,10,266,1102
784,1020,1,25,100,1500,100,500,2.744,3704.6264763593404,679.2894631401067,1,9,112,8403
785,1020,1,25,100,1500,100,500,2.744,3704.6264763593404,1079.0248340103788,1,8,165,1104
786,1020,1,25,100,1500,100,500,2.744,3575.8389057898266,764.3189747302553,1,9,315,860
787,1020,1,25,100,1500,100,500,2.744,3704.6264763593404,1253.396415380532,1,10,115,3609
788,1020,1,25,100,1500,100,500,2.744,3575.8389057898266,734.9950299419285,1,8,168,11226
789,1020,1,25,100,1500,100,500,2.744,3704.6264763593404,927.0771216668321,1,9,40,9663
790,1020,1,25,100,1500,100,500,2.744,3704.6264763593404,794.669609473511,1,2,234,5270
791,1020,1,25,100,1500,100,500,2.744,3704.6264763593404,826.0828806403975,1,10,105,5023
792,1020,1,25,100,1500,100,500,2.744,3837.9231573496336,652.8418649639875,1,3,350,1092
793,1020,1,25,100,1500,100,500,2.744,3704.6264763593404,1207.5281412974266,1,5,132,3688
794,1020,1,25,100,1500,100,500,2.744,3704.6264763593404,602.6003828720548,1,10,78,1729
795,1020,1,25,100,1500,100,500,2.744,3975.886821734759,627.2889262771712,1,9,440,4909
796,1020,1,25,100,1500,100,500,2.744,3704.6264763593404,627.2889262771712,1,4,50,9087
797,1020,1,25,100,1500,100,500,2.744,3704.6264763593404,679.2894631401067,1,4,296,6739
798,1020,1,25,100,1500,100,500,2.744,3451.407913135139,794.669609473511,1,2,48,5202
799,1020,1,25,100,1500,100,500,2.744,3704.6264763593404,858.5959932573792,1,7,15,215
800,1020,1,25,100,1500,100,500,2.744,3704.6264763593404,1253.396415380532,1,7,322,7643
801,1020,1,25,100,1500,100,500,2.744,3575.8389057898266,794.669609473511,1,2,140,6691
802,1020,1,25,100,1500,100,500,2.744,3704.6264763593404,679.2894631401067,1,4,84,1461
803,1020,1,25,100,1500,100,500,2.744,3704.6264763593404,652.8418649639875,1,9,136,312
804,1020,1,25,100,1500,100,500,2.744,3704.6264763593404,892.2474549733066,1,5,78,9178
805,1020,1,25,100,1500,100,500,2.744,3704.6264763593404,627.2889262771712,1,5,108,4042
806,1020,1,25,100,1500,100,500,2.744,3837.9231573496336,679.2894631401067,1,10,370,3339
807,1020,1,25,100,1500,100,500,2.744,3704.6264763593404,652.8418649639875,1,8,124,218
808,1020,1,25,100,1500,100,500,2.744,3975.886821734759,1000.4375195283392,1,5,147,8498
809,1020,1,25,100,1500,100,500,2.744,3704.6264763593404,652.8418649639875,1,8,57,9130
810,1020,1,25,100,1500,100,500,2.744,3704.6264763593404,627.2889262771712,1,10,78,1079
811,1020,1,25,100,1500,100,500,2.744,3451.407913135139,1039.0551367620653,1,7,42,445
812,1020,1,25,100,1500,100,500,2.744,3575.8389057898266,794.669609473511,1,3,35,9313
813,1020,1,25,100,1500,100,500,2.744,3837.9231573496336,578.7469943073653,1,4,300,7314
814,1020,1,25,100,1500,100,500,2.744,3451.407913135139,652.8418649639875,1,9,304,7044
815,1020,1,25,100,1500,100,500,2.744,3331.1861257020587,1564.369117458862,1,8,95,20
816,1020,1,25,100,1500,100,500,2.744,3704.6264763593404,706.6630446235681,1,2,308,7674
817,1020,1,25,100,1500,100,500,2.744,3837.9231573496336,734.9950299419285,1,8,330,9301
818,1020,1,25,100,1500,100,500,2.744,3704.6264763593404,627.2889262771712,1,7,111,95
819,1020,1,25,100,1500,100,500,2.744,3704.6264763593404,826.0828806403975,1,7,133,11434
820,1020,1,25,100,1500,100,500,2.744,3704.6264763593404,652.8418649639875,1,5,340,1368
821,1020,1,25,100,1500,100,500,2.744,3975.886821734759,858.5959932573792,1,8,156,4994
822,1020,1,25,100,1500,100,500,2.744,3975.886821734759,679.2894631401067,1,5,63,7717
823,1020,1,25,100,1500,100,500,2.744,3704.6264763593404,627.2889262771712,1,10,104,9980
824,1020,1,25,100,1500,100,500,2.744,3837.9231573496336,679.2894631401067,1,6,174,11541
825,1020,1,25,100,1500,100,500,2.744,3704.6264763593404,679.2894631401067,1,8,144,10230
826,1020,1,25,100,1500,100,500,2.744,3575.8389057898266,1120.3939502987503,1,7,16,4241
827,1020,1,25,100,1500,100,500,2.744,3704.6264763593404,627.2889262771712,1,8,192,7939
828,1020,1,25,100,1500,100,500,2.744,3704.6264763593404,578.7469943073653,1,7,156,8145
829,1020,1,25,100,1500,100,500,2.744,3975.886821734759,794.669609473511,1,6,128,8718
830,1020,1,25,100,1500,100,500,2.744,3704.6264763593404,826.0828806403975,1,10,172,9167
831,1020,1,25,100,1500,100,500,2.744,3837.9231573496336,627.2889262771712,1,8,160,7905
832,1020,1,25,100,1500,100,500,2.744,3704.6264763593404,764.3189747302553,1,6,84,2529
833,1020,1,25,100,1500,100,500,2.744,3704.6264763593404,1350.0070107550434,1,5,120,8425
834,1020,1,25,100,1500,100,500,2.744,3704.6264763593404,794.669609473511,1,7,120,10470
835,1020,1,25,100,1500,100,500,2.744,3704.6264763593404,602.6003828720548,1,7,96,10278
836,1020,1,25,100,1500,100,500,2.744,3704.6264763593404,679.2894631401067,1,7,460,8503
837,1020,1,25,100,1500,100,500,2.744,3704.6264763593404,627.2889262771712,1,5,162,2150
838,1020,1,25,100,1500,100,500,2.744,3975.886821734759,706.6630446235681,1,6,320,6114
839,1020,1,25,100,1500,100,500,2.744,3704.6264763593404,734.9950299419285,1,5,14,4314
840,1020,1,25,100,1500,100,500,2.744,3704.6264763593404,734.9950299419285,1,9,192,2713
841,1020,1,25,100,1500,100,500,2.744,3575.8389057898266,927.0771216668321,1,2,64,9991
842,1020,1,25,100,1500,100,500,2.744,3704.6264763593404,627.2889262771712,1,8,200,1957
843,1020,1,25,100,1500,100,500,2.744,3451.407913135139,1120.3939502987503,1,6,40,9026
844,1020,1,25,100,1500,100,500,2.744,3704.6264763593404,679.2894631401067,1,5,30,9166
845,1020,1,25,100,1500,100,500,2.744,3575.8389057898266,1079.0248340103788,1,6,104,4537
846,1020,1,25,100,1500,100,500,2.744,3975.886821734759,794.669609473511,1,4,360,4266
847,1020,1,25,100,1500,100,500,2.744,3575.8389057898266,764.3189747302553,1,6,192,7191
848,1020,1,25,100,1500,100,500,2.744,3704.6264763593404,652.8418649639875,1,4,288,2431
849,1020,1,25,100,1500,100,500,2.744,3575.8389057898266,858.5959932573792,1,3,189,7020
850,1020,1,25,100,1500,100,500,2.744,3704.6264763593404,652.8418649639875,1,7,441,2053
851,1020,1,25,100,1500,100,500,2.744,3451.407913135139,627.2889262771712,1,2,441,10664
852,1020,1,25,100,1500,100,500,2.744,3704.6264763593404,706.6630446235681,1,5,75,827
853,1020,1,25,100,1500,100,500,2.744,3837.9231573496336,602.6003828720548,1,5,175,11146
854,1020,1,25,100,1500,100,500,2.744,3575.8389057898266,764.3189747302553,1,3,294,831
855,1020,1,25,100,1500,100,500,2.744,3704.6264763593404,1253.396415380532,1,10,336,5489
856,1020,1,25,100,1500,100,500,2.744,3704.6264763593404,734.9950299419285,1,3,264,5923
857,1020,1,25,100,1500,100,500,2.744,3451.407913135139,927.0771216668321,1,2,76,759
858,1020,1,25,100,1500,100,500,2.744,3837.9231573496336,578.7469943073653,1,4,423,2508
859,1020,1,25,100,1500,100,500,2.744,3837.9231573496336,734.9950299419285,1,3,90,4516
860,1020,1,25,100,1500,100,500,2.744,3837.9231573496336,963.1262446506313,1,7,161,5456
861,1020,1,25,100,1500,100,500,2.744,3975.886821734759,826.0828806403975,1,4,186,3964
862,1020,1,25,100,1500,100,500,2.744,3837.9231573496336,555.7005092765738,1,5,100,9345
863,1020,1,25,100,1500,100,500,2.744,3331.1861257020587,1079.0248340103788,1,10,129,11375
864,1020,1,25,100,1500,100,500,2.744,3704.6264763593404,627.2889262771712,1,4,136,9705
865,1020,1,25,100,1500,100,500,2.744,3704.6264763593404,627.2889262771712,1,7,52,8899
866,1020,1,25,100,1500,100,500,2.744,3704.6264763593404,892.2474549733066,1,3,40,2578
867,1020,1,25,100,1500,100,500,2.744,3704.6264763593404,764.3189747302553,1,4,252,3500
868,1020,1,25,100,1500,100,500,2.744,3704.6264763593404,627.2889262771712,1,10,279,10689
869,1020,1,25,100,1500,100,500,2.744,3837.9231573496336,679.2894631401067,1,9,72,11658
870,1020,1,25,100,1500,100,500,2.744,3102.8054334306075,1400.863755015599,1,9,210,1803
871,1020,1,25,100,1500,100,500,2.744,3451.407913135139,826.0828806403975,1,5,330,5059
872,1020,1,25,100,1500,100,500,2.744,3704.6264763593404,627.2889262771712,1,2,112,3377
873,1020,1,25,100,1500,100,500,2.744,3704.6264763593404,764.3189747302553,1,5,75,3450
874,1020,1,25,100,1500,100,500,2.744,3837.9231573496336,734.9950299419285,1,10,200,4430
875,1020,1,25,100,1500,100,500,2.744,3704.6264763593404,1079.0248340103788,1,10,259,7203
876,1020,1,25,100,1500,100,500,2.744,3451.407913135139,1000.4375195283392,1,4,160,3184
877,1020,1,25,100,1500,100,500,2.744,3704.6264763593404,627.2889262771712,1,6,210,3799
878,1020,1,25,100,1500,100,500,2.744,3215.03115606588,1683.136468145602,1,10,148,1615
879,1020,1,25,100,1500,100,500,2.744,2889.614557023334,927.0771216668321,1,5,387,3824
880,1020,1,25,100,1500,100,500,2.744,3704.6264763593404,627.2889262771712,1,2,99,7958
881,1020,1,25,100,1500,100,500,2.744,3704.6264763593404,627.2889262771712,1,9,160,543
882,1020,1,25,100,1500,100,500,2.744,3704.6264763593404,892.2474549733066,1,3,74,437
883,1020,1,25,100,1500,100,500,2.744,3102.8054334306075,1622.7311077993318,1,3,228,6416
884,1020,1,25,100,1500,100,500,2.744,3704.6264763593404,652.8418649639875,1,4,35,10486
885,1020,1,25,100,1500,100,500,2.744,2889.614557023334,1300.8706294758354,1,3,64,8684
886,1020,1,25,100,1500,100,500,2.744,3451.407913135139,1400.863755015599,1,10,48,2861
887,1020,1,25,100,1500,100,500,2.744,3704.6264763593404,627.2889262771712,1,6,174,2111
888,1020,1,25,100,1500,100,500,2.744,3704.6264763593404,734.9950299419285,1,7,240,12337
889,1020,1,25,100,1500,100,500,2.744,3837.9231573496336,602.6003828720548,1,2,120,5211
890,1020,1,25,100,1500,100,500,2.744,3102.8054334306075,892.2474549733066,1,7,288,12276
891,1020,1,25,100,1500,100,500,2.744,3704.6264763593404,627.2889262771712,1,10,60,3571
892,1020,1,25,100,1500,100,500,2.744,3704.6264763593404,627.2889262771712,1,6,276,8244
893,1020,1,25,100,1500,100,500,2.744,3451.407913135139,1350.0070107550434,1,3,324,7893
894,1020,1,25,100,1500,100,500,2.744,3215.03115606588,1350.0070107550434,1,4,40,7362
895,1020,1,25,100,1500,100,500,2.744,3704.6264763593404,652.8418649639875,1,8,116,9211
896,1020,1,25,100,1500,100,500,2.744,3331.1861257020587,927.0771216668321,1,7,138,22
897,1020,1,25,100,1500,100,500,2.744,3704.6264763593404,555.7005092765738,1,9,120,8349
898,1020,1,25,100,1500,100,500,2.744,3704.6264763593404,734.9950299419285,1,7,270,5511
899,1020,1,25,100,1500,100,500,2.744,3575.8389057898266,826.0828806403975,1,5,28,2108
900,1020,1,25,100,1500,100,500,2.744,3704.6264763593404,627.2889262771712,1,6,87,8797
901,1020,1,25,100,1500,100,500,2.744,3704.6264763593404,858.5959932573792,1,9,125,305
902,1020,1,25,100,1500,100,500,2.744,3704.6264763593404,706.6630446235681,1,7,75,1262
903,1020,1,25,100,1500,100,500,2.744,3837.9231573496336,627.2889262771712,1,7,266,6232
904,1020,1,25,100,1500,100,500,2.744,3704.6264763593404,652.8418649639875,1,2,40,5410
905,1020,1,25,100,1500,100,500,2.744,3704.6264763593404,602.6003828720548,1,3,360,309
906,1020,1,25,100,1500,100,500,2.744,3704.6264763593404,734.9950299419285,1,7,176,5002
907,1020,1,25,100,1500,100,500,2.744,3704.6264763593404,679.2894631401067,1,7,108,325
908,1020,1,25,100,1500,100,500,2.744,3704.6264763593404,892.2474549733066,1,3,26,8236
909,1020,1,25,100,1500,100,500,2.744,3704.6264763593404,627.2889262771712,1,8,56,2026
910,1020,1,25,100,1500,100,500,2.744,3704.6264763593404,652.8418649639875,1,4,259,742
911,1020,1,25,100,1500,100,500,2.744,3704.6264763593404,555.7005092765738,1,10,216,8422
912,1020,1,25,100,1500,100,500,2.744,4266.474423355583,511.9199906356781,1,2,220,1982
913,1020,1,25,100,1500,100,500,2.744,3704.6264763593404,794.669609473511,1,4,400,5143
914,1020,1,25,100,1500,100,500,2.744,3575.8389057898266,734.9950299419285,1,10,72,11719
915,1020,1,25,100,1500,100,500,2.744,3704.6264763593404,734.9950299419285,1,4,105,11034
916,1020,1,25,100,1500,100,500,2.744,2994.376040693835,927.0771216668321,1,4,99,1941
917,1020,1,25,100,1500,100,500,2.744,3975.886821734759,706.6630446235681,1,5,140,2022
918,1020,1,25,100,1500,100,500,2.744,3575.8389057898266,706.6630446235681,1,2,231,3483
919,1020,1,25,100,1500,100,500,2.744,3704.6264763593404,652.8418649639875,1,7,75,1132
920,1020,1,25,100,1500,100,500,2.744,3331.1861257020587,1253.396415380532,1,6,21,4601
921,1020,1,25,100,1500,100,500,2.744,3704.6264763593404,764.3189747302553,1,7,60,7762
922,1020,1,25,100,1500,100,500,2.744,3704.6264763593404,627.2889262771712,1,3,156,8191
923,1020,1,25,100,1500,100,500,2.744,3837.9231573496336,602.6003828720548,1,4,224,10637
924,1020,1,25,100,1500,100,500,2.744,3215.03115606588,1253.396415380532,1,3,132,1968
925,1020,1,25,100,1500,100,500,2.744,3704.6264763593404,602.6003828720548,1,2,441,7866
926,1020,1,25,100,1500,100,500,2.744,3704.6264763593404,679.2894631401067,1,2,70,6711
927,1020,1,25,100,1500,100,500,2.744,3704.6264763593404,652.8418649639875,1,2,405,10526
928,1020,1,25,100,1500,100,500,2.744,3837.9231573496336,679.2894631401067,1,3,70,5422
929,1020,1,25,100,1500,100,500,2.744,3704.6264763593404,652.8418649639875,1,10,243,10030
930,1020,1,25,100,1500,100,500,2.744,3575.8389057898266,679.2894631401067,1,6,176,7180
931,1020,1,25,100,1500,100,500,2.744,3575.8389057898266,602.6003828720548,1,8,288,12177
932,1020,1,25,100,1500,100,500,2.744,3704.6264763593404,679.2894631401067,1,7,369,3340
933,1020,1,25,100,1500,100,500,2.744,3837.9231573496336,764.3189747302553,1,7,162,11691
934,1020,1,25,100,1500,100,500,2.744,3331.1861257020587,1300.8706294758354,1,5,77,10468
935,1020,1,25,100,1500,100,500,2.744,3704.6264763593404,706.6630446235681,1,6,52,4190
936,1020,1,25,100,1500,100,500,2.744,4266.474423355583,627.2889262771712,1,3,380,10573
937,1020,1,25,100,1500,100,500,2.744,3575.8389057898266,1079.0248340103788,1,7,228,6669
938,1020,1,25,100,1500,100,500,2.744,3704.6264763593404,652.8418649639875,1,5,440,5005
939,1020,1,25,100,1500,100,500,2.744,3837.9231573496336,627.2889262771712,1,2,240,11411
940,1020,1,25,100,1500,100,500,2.744,3975.886821734759,1300.8706294758354,1,5,140,5496
941,1020,1,25,100,1500,100,500,2.744,3704.6264763593404,652.8418649639875,1,8,147,6076
942,1020,1,25,100,1500,100,500,2.744,3575.8389057898266,764.3189747302553,1,5,102,777
943,1020,1,25,100,1500,100,500,2.744,3704.6264763593404,627.2889262771712,1,7,26,3673
944,1020,1,25,100,1500,100,500,2.744,3704.6264763593404,794.669609473511,1,3,60,7930
945,1020,1,25,100,1500,100,500,2.744,3837.9231573496336,794.669609473511,1,4,240,168
946,1020,1,25,100,1500,100,500,2.744,3704.6264763593404,627.2889262771712,1,2,210,1763
947,1020,1,25,100,1500,100,500,2.744,3837.9231573496336,1000.4375195283392,1,6,64,10575
948,1020,1,25,100,1500,100,500,2.744,3704.6264763593404,706.6630446235681,1,6,22,11481
949,1020,1,25,100,1500,100,500,2.744,3331.1861257020587,1350.0070107550434,1,7,352,9534
950,1020,1,25,100,1500,100,500,2.744,3704.6264763593404,794.669609473511,1,3,273,6120
951,1020,1,25,100,1500,100,500,2.744,3704.6264763593404,679.2894631401067,1,8,240,2160
952,1020,1,25,100,1500,100,500,2.744,3704.6264763593404,627.2889262771712,1,6,88,4983
953,1020,1,25,100,1500,100,500,2.744,3704.6264763593404,679.2894631401067,1,9,24,12191
954,1020,1,25,100,1500,100,500,2.744,3704.6264763593404,706.6630446235681,1,3,176,1814
955,1020,1,25,100,1500,100,500,2.744,3704.6264763593404,679.2894631401067,1,2,105,10257
956,1020,1,25,100,1500,100,500,2.744,3704.6264763593404,652.8418649639875,1,9,50,615
957,1020,1,25,100,1500,100,500,2.744,3704.6264763593404,627.2889262771712,1,4,140,8472
958,1020,1,25,100,1500,100,500,2.744,3704.6264763593404,826.0828806403975,1,4,145,2568
959,1020,1,25,100,1500,100,500,2.744,3575.8389057898266,826.0828806403975,1,3,234,7869
960,1020,1,25,100,1500,100,500,2.744,3704.6264763593404,652.8418649639875,1,5,54,7944
961,1020,1,25,100,1500,100,500,2.744,3704.6264763593404,627.2889262771712,1,6,84,5381
962,1020,1,25,100,1500,100,500,2.744,3704.6264763593404,627.2889262771712,1,4,56,5320
963,1020,1,25,100,1500,100,500,2.744,3704.6264763593404,627.2889262771712,1,3,35,3107
964,1020,1,25,100,1500,100,500,2.744,3837.9231573496336,706.6630446235681,1,3,57,2442
965,1020,1,25,100,1500,100,500,2.744,3704.6264763593404,602.6003828720548,1,10,126,11437
966,1020,1,25,100,1500,100,500,2.744,3704.6264763593404,858.5959932573792,1,9,12,7959
967,1020,1,25,100,1500,100,500,2.744,3975.886821734759,927.0771216668321,1,8,145,5632
968,1020,1,25,100,1500,100,500,2.744,2889.614557023334,1453.5010956062054,1,4,220,8538
969,1020,1,25,100,1500,100,500,2.744,3704.6264763593404,679.2894631401067,1,7,500,6347
970,1020,1,25,100,1500,100,500,2.744,3704.6264763593404,892.2474549733066,1,6,252,7516
971,1020,1,25,100,1500,100,500,2.744,3704.6264763593404,627.2889262771712,1,2,63,4801
972,1020,1,25,100,1500,100,500,2.744,3575.8389057898266,1207.5281412974266,1,7,114,9656
973,1020,1,25,100,1500,100,500,2.744,3451.407913135139,764.3189747302553,1,9,220,1907
974,1020,1,25,100,1500,100,500,2.744,3704.6264763593404,679.2894631401067,1,4,290,2366
975,1020,1,25,100,1500,100,500,2.744,3575.8389057898266,734.9950299419285,1,5,145,9081
976,1020,1,25,100,1500,100,500,2.744,3704.6264763593404,652.8418649639875,1,5,100,12313
977,1020,1,25,100,1500,100,500,2.744,3704.6264763593404,706.6630446235681,1,8,32,7205
978,1020,1,25,100,1500,100,500,2.744,4118.680869937337,892.2474549733066,1,6,156,7784
979,1020,1,25,100,1500,100,500,2.744,3704.6264763593404,794.669609473511,1,7,234,7363
980,1020,1,25,100,1500,100,500,2.744,3837.9231573496336,706.6630446235681,1,9,410,3660
981,1020,1,25,100,1500,100,500,2.744,3704.6264763593404,652.8418649639875,1,5,72,2657
982,1020,1,25,100,1500,100,500,2.744,3704.6264763593404,627.2889262771712,1,6,240,5090
983,1020,1,25,100,1500,100,500,2.744,3451.407913135139,794.669609473511,1,6,40,4482
984,1020,1,25,100,1500,100,500,2.744,3975.886821734759,2018.40733930441,1,10,266,4631
985,1020,1,25,100,1500,100,500,2.744,3704.6264763593404,627.2889262771712,1,9,369,7739
986,1020,1,25,100,1500,100,500,2.744,3704.6264763593404,706.6630446235681,1,4,111,6889
987,1020,1,25,100,1500,100,500,2.744,3102.8054334306075,1000.4375195283392,1,3,288,9330
988,1020,1,25,100,1500,100,500,2.744,3704.6264763593404,679.2894631401067,1,6,40,11877
989,1020,1,25,100,1500,100,500,2.744,3704.6264763593404,679.2894631401067,1,7,380,10552
990,1020,1,25,100,1500,100,500,2.744,4118.680869937337,627.2889262771712,1,8,369,7891
991,1020,1,25,100,1500,100,500,2.744,3704.6264763593404,627.2889262771712,1,6,32,6231
992,1020,1,25,100,1500,100,500,2.744,3837.9231573496336,578.7469943073653,1,4,287,6482
993,1020,1,25,100,1500,100,500,2.744,3704.6264763593404,627.2889262771712,1,9,168,10483
994,1020,1,25,100,1500,100,500,2.744,3704.6264763593404,652.8418649639875,1,9,351,8457
995,1020,1,25,100,1500,100,500,2.744,3837.9231573496336,1253.396415380532,1,10,90,1701
996,1020,1,25,100,1500,100,500,2.744,3331.1861257020587,927.0771216668321,1,2,344,3164
997,1020,1,25,100,1500,100,500,2.744,3704.6264763593404,734.9950299419285,1,5,150,10400
998,1020,1,25,100,1500,100,500,2.744,3837.9231573496336,578.7469943073653,1,3,387,10589
999,1020,1,25,100,1500,100,500,2.744,3837.9231573496336,764.3189747302553,1,2,99,2467
